"Type","Name","SizeGB","Modified","Path"
"Unknown","yolov8x.onnx","0.254","2024-03-14 11:40:32","C:\Users\AWA007\Desktop\Data\school\The first semester of the sophomore year\计算机基础\final project\Camera_connect\passenger-flow-algorithm-python\weights\yolov8x.onnx"
"Unknown","yolov8n.pt","0.006","2024-12-13 20:30:22","C:\Users\AWA007\Documents\WeChat Files\wxid_d9grjrfcokn722\FileStorage\File\2024-12\yolov8n.pt"
"Unknown","yolov8n.pt","0.006","2025-12-08 23:46:03","C:\Users\AWA007\Desktop\Data\school\the first semester of the junior year\机器人\yolo\kuaizi\ultralytics\yolov8n.pt"
"Unknown","yolov8n.pt","0.006","2025-12-09 09:08:34","C:\Users\AWA007\Desktop\Data\school\the first semester of the junior year\机器人\yolo\people detect\yolov8n.pt"
"Unknown","yolov8n.pt","0.006","2024-12-10 20:18:00","C:\Users\AWA007\Desktop\Data\school\The first semester of the sophomore year\计算机基础\calaculate\yolov8n.pt"
"Unknown","yolov8n.pt","0.006","2024-12-10 15:54:18","C:\Users\AWA007\Desktop\Data\school\The first semester of the sophomore year\计算机基础\calaculate\ultralytics-main\yolov8n.pt"
"Unknown","yolov8n.pt","0.006","2024-12-23 21:06:57","C:\Users\AWA007\Desktop\Data\school\The first semester of the sophomore year\计算机基础\final project\yolov8n.pt"
"Unknown","yolov8n.pt","0.006","2024-12-23 21:32:03","C:\Users\AWA007\Desktop\Data\school\The first semester of the sophomore year\计算机基础\final project\Camera_connect\passenger-flow-algorithm-python\yolov8n.pt"
"Unknown","yolov8n.pt","0.006","2024-12-10 20:18:00","C:\Users\AWA007\Desktop\Data\school\The first semester of the sophomore year\计算机基础\final project\suan fa\calaculate\yolov8n.pt"
"Unknown","yolov8n.pt","0.006","2024-12-10 15:54:18","C:\Users\AWA007\Desktop\Data\school\The first semester of the sophomore year\计算机基础\final project\suan fa\calaculate\ultralytics-main\yolov8n.pt"
"Unknown","yolov8n.pt","0.006","2025-12-09 00:39:17","C:\Users\AWA007\Desktop\Data\school\the first semester of the junior year\机器人\yolo\kuaizi\yolov8n.pt"
"Unknown","yolo11n.pt","0.005","2025-05-08 21:29:45","C:\Users\AWA007\Desktop\Data\school\the first semester of the junior year\机器人\yolo\kuaizi\ultralytics\yolo11n.pt"
"Unknown","yolo11m.pt","0.038","2025-05-09 02:57:55","C:\Users\AWA007\Desktop\Data\school\the first semester of the junior year\机器人\yolo\kuaizi\ultralytics\yolo11m.pt"
"Unknown","Ycbsq_bootloader(1).bin","0","2025-08-26 11:13:09","C:\Users\AWA007\Desktop\Data\school\Out Of Class\禹充_汽车避锁器\软件\最终版\Ycbsq_bootloader(1).bin"
"Unknown","Ycbsq_bootloader.bin","0","2025-08-26 11:13:09","C:\Users\AWA007\Desktop\Data\school\Out Of Class\禹充_汽车避锁器\软件\新修改\Ycbsq_bootloader.bin"
"Unknown","Ycbsq_APP1(3).bin","0","2025-08-26 17:02:21","C:\Users\AWA007\Desktop\Data\school\Out Of Class\禹充_汽车避锁器\软件\新修改\Ycbsq_APP1(3).bin"
"Unknown","Ycbsq_APP1.bin","0","2025-08-26 11:15:27","C:\Users\AWA007\Desktop\Data\school\Out Of Class\禹充_汽车避锁器\软件\新修改\Ycbsq_APP1.bin"
"Unknown","Ycbsq_APP1_Without_NewPosition.bin","0","2025-08-29 14:14:27","C:\Users\AWA007\Desktop\Data\school\Out Of Class\禹充_汽车避锁器\软件\最终版\Ycbsq_APP1_Without_NewPosition.bin"
"Unknown","Ycbsq_APP1_NewPosition.bin","0","2025-08-29 16:12:14","C:\Users\AWA007\Desktop\Data\school\Out Of Class\禹充_汽车避锁器\软件\最终版\Ycbsq_APP1_NewPosition.bin"
"Unknown","wavelets.bin","0","2015-08-03 22:24:18","C:\Users\AWA007\Desktop\Data\Code shool\matlab\matlab\toolbox\wavelet\wavelet\wavelets.bin"
"Unknown","vipmen.bin","0.008","2010-08-25 13:09:22","C:\Users\AWA007\Desktop\Data\Code shool\matlab\matlab\toolbox\vision\visiondata\vipmen.bin"
"Unknown","v8_context_snapshot.bin","0.001","2019-10-04 03:36:46","C:\Users\AWA007\Desktop\Data\其他资料\工具\CAD__2021\x64\acad\PF\Root\AcCef\v8_context_snapshot.bin"
"Unknown","usbd_audio.bin","0","2023-07-12 14:35:08","C:\Users\AWA007\Desktop\Data\personal\文档\项目\智能触屏手表\项目1\嵌入式软件开发\zhilan\goodix\GR5526_SDK_V1.0.2\projects\peripheral\usbd\usbd_audio\build\usbd_audio.bin"
"Unknown","udp_port_5000.bin","0","2023-11-01 21:40:09","C:\Users\AWA007\Desktop\Data\其他资料\工具\STM32Cube_FW_F4_V1.28.0\Middlewares\Third_Party\LwIP\test\fuzz\inputs\udp\udp_port_5000.bin"
"Unknown","tiny_usbd_hid_composite_freertos.bin","0","2023-07-12 14:34:36","C:\Users\AWA007\Desktop\Data\personal\文档\项目\智能触屏手表\项目1\嵌入式软件开发\zhilan\goodix\GR5526_SDK_V1.0.2\projects\peripheral\usbd\tiny_usbd_hid_composite_freertos\build\tiny_usbd_hid_composite_freertos.bin"
"Unknown","tiny_usbd_cdc.bin","0","2023-07-12 14:33:50","C:\Users\AWA007\Desktop\Data\personal\文档\项目\智能触屏手表\项目1\嵌入式软件开发\zhilan\goodix\GR5526_SDK_V1.0.2\projects\peripheral\usbd\tiny_usbd_cdc\build\tiny_usbd_cdc.bin"
"Unknown","Test-Dynamic-fw.bin","0.001","2024-05-06 10:25:30","C:\Users\AWA007\Desktop\Data\school\Out Of Class\Custom Keyboard\HelloWord-Keyboard\2.Firmware\_Release\Test-Dynamic-fw.bin"
"Unknown","test_XRGB8888.bin","0","2024-03-12 13:37:32","C:\Users\AWA007\Desktop\Data\personal\文档\项目\智能触屏手表\项目1\GUI\lv_port_pc_visual_studio\LvglPlatform\lvgl\tests\test_images\stride_align1\LZ4\test_XRGB8888.bin"
"Unknown","test_XRGB8888.bin","0","2024-03-12 13:37:32","C:\Users\AWA007\Desktop\Data\personal\文档\项目\智能触屏手表\项目1\GUI\lv_port_pc_visual_studio\LvglPlatform\lvgl\tests\test_images\stride_align1\RLE\test_XRGB8888.bin"
"Unknown","test_XRGB8888.bin","0","2024-03-12 13:37:32","C:\Users\AWA007\Desktop\Data\personal\文档\项目\智能触屏手表\项目1\GUI\lv_port_pc_visual_studio\LvglPlatform\lvgl\tests\test_images\stride_align64\LZ4\test_XRGB8888.bin"
"Unknown","test_XRGB8888.bin","0","2024-03-12 13:37:32","C:\Users\AWA007\Desktop\Data\personal\文档\项目\智能触屏手表\项目1\GUI\lv_port_pc_visual_studio\LvglPlatform\lvgl\tests\test_images\stride_align64\UNCOMPRESSED\test_XRGB8888.bin"
"Unknown","test_XRGB8888.bin","0","2024-03-12 13:37:32","C:\Users\AWA007\Desktop\Data\personal\文档\项目\智能触屏手表\项目1\GUI\lv_port_pc_visual_studio\LvglPlatform\lvgl\tests\test_images\stride_align1\UNCOMPRESSED\test_XRGB8888.bin"
"Unknown","test_XRGB8888.bin","0","2024-03-12 13:37:32","C:\Users\AWA007\Desktop\Data\personal\文档\项目\智能触屏手表\项目1\GUI\lv_port_pc_visual_studio\LvglPlatform\lvgl\tests\test_images\stride_align64\RLE\test_XRGB8888.bin"
"Unknown","test_RGB888.bin","0","2024-03-12 13:37:32","C:\Users\AWA007\Desktop\Data\personal\文档\项目\智能触屏手表\项目1\GUI\lv_port_pc_visual_studio\LvglPlatform\lvgl\tests\test_images\stride_align1\UNCOMPRESSED\test_RGB888.bin"
"Unknown","test_RGB888.bin","0","2024-03-12 13:37:32","C:\Users\AWA007\Desktop\Data\personal\文档\项目\智能触屏手表\项目1\GUI\lv_port_pc_visual_studio\LvglPlatform\lvgl\tests\test_images\stride_align1\RLE\test_RGB888.bin"
"Unknown","test_RGB888.bin","0","2024-03-12 13:37:32","C:\Users\AWA007\Desktop\Data\personal\文档\项目\智能触屏手表\项目1\GUI\lv_port_pc_visual_studio\LvglPlatform\lvgl\tests\test_images\stride_align64\LZ4\test_RGB888.bin"
"Unknown","test_RGB888.bin","0","2024-03-12 13:37:32","C:\Users\AWA007\Desktop\Data\personal\文档\项目\智能触屏手表\项目1\GUI\lv_port_pc_visual_studio\LvglPlatform\lvgl\tests\test_images\stride_align64\RLE\test_RGB888.bin"
"Unknown","test_RGB888.bin","0","2024-03-12 13:37:32","C:\Users\AWA007\Desktop\Data\personal\文档\项目\智能触屏手表\项目1\GUI\lv_port_pc_visual_studio\LvglPlatform\lvgl\tests\test_images\stride_align1\LZ4\test_RGB888.bin"
"Unknown","test_RGB888.bin","0","2024-03-12 13:37:32","C:\Users\AWA007\Desktop\Data\personal\文档\项目\智能触屏手表\项目1\GUI\lv_port_pc_visual_studio\LvglPlatform\lvgl\tests\test_images\stride_align64\UNCOMPRESSED\test_RGB888.bin"
"Unknown","test_RGB565A8.bin","0","2024-03-12 13:37:32","C:\Users\AWA007\Desktop\Data\personal\文档\项目\智能触屏手表\项目1\GUI\lv_port_pc_visual_studio\LvglPlatform\lvgl\tests\test_images\stride_align64\RLE\test_RGB565A8.bin"
"Unknown","test_RGB565A8.bin","0","2024-03-12 13:37:32","C:\Users\AWA007\Desktop\Data\personal\文档\项目\智能触屏手表\项目1\GUI\lv_port_pc_visual_studio\LvglPlatform\lvgl\tests\test_images\stride_align1\LZ4\test_RGB565A8.bin"
"Unknown","test_RGB565A8.bin","0","2024-03-12 13:37:32","C:\Users\AWA007\Desktop\Data\personal\文档\项目\智能触屏手表\项目1\GUI\lv_port_pc_visual_studio\LvglPlatform\lvgl\tests\test_images\stride_align64\UNCOMPRESSED\test_RGB565A8.bin"
"Unknown","test_RGB565A8.bin","0","2024-03-12 13:37:32","C:\Users\AWA007\Desktop\Data\personal\文档\项目\智能触屏手表\项目1\GUI\lv_port_pc_visual_studio\LvglPlatform\lvgl\tests\test_images\stride_align1\UNCOMPRESSED\test_RGB565A8.bin"
"Unknown","test_RGB565A8.bin","0","2024-03-12 13:37:32","C:\Users\AWA007\Desktop\Data\personal\文档\项目\智能触屏手表\项目1\GUI\lv_port_pc_visual_studio\LvglPlatform\lvgl\tests\test_images\stride_align1\RLE\test_RGB565A8.bin"
"Unknown","test_RGB565A8.bin","0","2024-03-12 13:37:32","C:\Users\AWA007\Desktop\Data\personal\文档\项目\智能触屏手表\项目1\GUI\lv_port_pc_visual_studio\LvglPlatform\lvgl\tests\test_images\stride_align64\LZ4\test_RGB565A8.bin"
"Unknown","test_RGB565.bin","0","2024-03-12 13:37:32","C:\Users\AWA007\Desktop\Data\personal\文档\项目\智能触屏手表\项目1\GUI\lv_port_pc_visual_studio\LvglPlatform\lvgl\tests\test_images\stride_align1\UNCOMPRESSED\test_RGB565.bin"
"Unknown","test_RGB565.bin","0","2024-03-12 13:37:32","C:\Users\AWA007\Desktop\Data\personal\文档\项目\智能触屏手表\项目1\GUI\lv_port_pc_visual_studio\LvglPlatform\lvgl\tests\test_images\stride_align64\LZ4\test_RGB565.bin"
"Unknown","test_RGB565.bin","0","2024-03-12 13:37:32","C:\Users\AWA007\Desktop\Data\personal\文档\项目\智能触屏手表\项目1\GUI\lv_port_pc_visual_studio\LvglPlatform\lvgl\tests\test_images\stride_align1\RLE\test_RGB565.bin"
"Unknown","test_RGB565.bin","0","2024-03-12 13:37:32","C:\Users\AWA007\Desktop\Data\personal\文档\项目\智能触屏手表\项目1\GUI\lv_port_pc_visual_studio\LvglPlatform\lvgl\tests\test_images\stride_align64\UNCOMPRESSED\test_RGB565.bin"
"Unknown","test_RGB565.bin","0","2024-03-12 13:37:32","C:\Users\AWA007\Desktop\Data\personal\文档\项目\智能触屏手表\项目1\GUI\lv_port_pc_visual_studio\LvglPlatform\lvgl\tests\test_images\stride_align64\RLE\test_RGB565.bin"
"Unknown","test_RGB565.bin","0","2024-03-12 13:37:32","C:\Users\AWA007\Desktop\Data\personal\文档\项目\智能触屏手表\项目1\GUI\lv_port_pc_visual_studio\LvglPlatform\lvgl\tests\test_images\stride_align1\LZ4\test_RGB565.bin"
"Unknown","test_L8.bin","0","2024-03-12 13:37:32","C:\Users\AWA007\Desktop\Data\personal\文档\项目\智能触屏手表\项目1\GUI\lv_port_pc_visual_studio\LvglPlatform\lvgl\tests\test_images\stride_align64\RLE\test_L8.bin"
"Unknown","test_L8.bin","0","2024-03-12 13:37:32","C:\Users\AWA007\Desktop\Data\personal\文档\项目\智能触屏手表\项目1\GUI\lv_port_pc_visual_studio\LvglPlatform\lvgl\tests\test_images\stride_align64\LZ4\test_L8.bin"
"Unknown","test_L8.bin","0","2024-03-12 13:37:32","C:\Users\AWA007\Desktop\Data\personal\文档\项目\智能触屏手表\项目1\GUI\lv_port_pc_visual_studio\LvglPlatform\lvgl\tests\test_images\stride_align1\UNCOMPRESSED\test_L8.bin"
"Unknown","test_L8.bin","0","2024-03-12 13:37:32","C:\Users\AWA007\Desktop\Data\personal\文档\项目\智能触屏手表\项目1\GUI\lv_port_pc_visual_studio\LvglPlatform\lvgl\tests\test_images\stride_align64\UNCOMPRESSED\test_L8.bin"
"Unknown","test_L8.bin","0","2024-03-12 13:37:32","C:\Users\AWA007\Desktop\Data\personal\文档\项目\智能触屏手表\项目1\GUI\lv_port_pc_visual_studio\LvglPlatform\lvgl\tests\test_images\stride_align1\LZ4\test_L8.bin"
"Unknown","test_L8.bin","0","2024-03-12 13:37:32","C:\Users\AWA007\Desktop\Data\personal\文档\项目\智能触屏手表\项目1\GUI\lv_port_pc_visual_studio\LvglPlatform\lvgl\tests\test_images\stride_align1\RLE\test_L8.bin"
"Unknown","test_I8.bin","0","2024-03-12 13:37:32","C:\Users\AWA007\Desktop\Data\personal\文档\项目\智能触屏手表\项目1\GUI\lv_port_pc_visual_studio\LvglPlatform\lvgl\tests\test_images\stride_align1\LZ4\test_I8.bin"
"Unknown","test_I8.bin","0","2024-03-12 13:37:32","C:\Users\AWA007\Desktop\Data\personal\文档\项目\智能触屏手表\项目1\GUI\lv_port_pc_visual_studio\LvglPlatform\lvgl\tests\test_images\stride_align1\UNCOMPRESSED\test_I8.bin"
"Unknown","test_I8.bin","0","2024-03-12 13:37:32","C:\Users\AWA007\Desktop\Data\personal\文档\项目\智能触屏手表\项目1\GUI\lv_port_pc_visual_studio\LvglPlatform\lvgl\tests\test_images\stride_align1\RLE\test_I8.bin"
"Unknown","test_I8.bin","0","2024-03-12 13:37:32","C:\Users\AWA007\Desktop\Data\personal\文档\项目\智能触屏手表\项目1\GUI\lv_port_pc_visual_studio\LvglPlatform\lvgl\tests\test_images\stride_align64\UNCOMPRESSED\test_I8.bin"
"Unknown","test_I8.bin","0","2024-03-12 13:37:32","C:\Users\AWA007\Desktop\Data\personal\文档\项目\智能触屏手表\项目1\GUI\lv_port_pc_visual_studio\LvglPlatform\lvgl\tests\test_images\stride_align64\LZ4\test_I8.bin"
"Unknown","test_I8.bin","0","2024-03-12 13:37:32","C:\Users\AWA007\Desktop\Data\personal\文档\项目\智能触屏手表\项目1\GUI\lv_port_pc_visual_studio\LvglPlatform\lvgl\tests\test_images\stride_align64\RLE\test_I8.bin"
"Unknown","test_I4.bin","0","2024-03-12 13:37:32","C:\Users\AWA007\Desktop\Data\personal\文档\项目\智能触屏手表\项目1\GUI\lv_port_pc_visual_studio\LvglPlatform\lvgl\tests\test_images\stride_align1\LZ4\test_I4.bin"
"Unknown","test_I4.bin","0","2024-03-12 13:37:32","C:\Users\AWA007\Desktop\Data\personal\文档\项目\智能触屏手表\项目1\GUI\lv_port_pc_visual_studio\LvglPlatform\lvgl\tests\test_images\stride_align64\RLE\test_I4.bin"
"Unknown","test_I4.bin","0","2024-03-12 13:37:32","C:\Users\AWA007\Desktop\Data\personal\文档\项目\智能触屏手表\项目1\GUI\lv_port_pc_visual_studio\LvglPlatform\lvgl\tests\test_images\stride_align64\LZ4\test_I4.bin"
"Unknown","test_I4.bin","0","2024-03-12 13:37:32","C:\Users\AWA007\Desktop\Data\personal\文档\项目\智能触屏手表\项目1\GUI\lv_port_pc_visual_studio\LvglPlatform\lvgl\tests\test_images\stride_align1\UNCOMPRESSED\test_I4.bin"
"Unknown","test_I4.bin","0","2024-03-12 13:37:32","C:\Users\AWA007\Desktop\Data\personal\文档\项目\智能触屏手表\项目1\GUI\lv_port_pc_visual_studio\LvglPlatform\lvgl\tests\test_images\stride_align64\UNCOMPRESSED\test_I4.bin"
"Unknown","test_I4.bin","0","2024-03-12 13:37:32","C:\Users\AWA007\Desktop\Data\personal\文档\项目\智能触屏手表\项目1\GUI\lv_port_pc_visual_studio\LvglPlatform\lvgl\tests\test_images\stride_align1\RLE\test_I4.bin"
"Unknown","test_I2.bin","0","2024-03-12 13:37:32","C:\Users\AWA007\Desktop\Data\personal\文档\项目\智能触屏手表\项目1\GUI\lv_port_pc_visual_studio\LvglPlatform\lvgl\tests\test_images\stride_align1\RLE\test_I2.bin"
"Unknown","test_I2.bin","0","2024-03-12 13:37:32","C:\Users\AWA007\Desktop\Data\personal\文档\项目\智能触屏手表\项目1\GUI\lv_port_pc_visual_studio\LvglPlatform\lvgl\tests\test_images\stride_align1\LZ4\test_I2.bin"
"Unknown","test_I2.bin","0","2024-03-12 13:37:32","C:\Users\AWA007\Desktop\Data\personal\文档\项目\智能触屏手表\项目1\GUI\lv_port_pc_visual_studio\LvglPlatform\lvgl\tests\test_images\stride_align1\UNCOMPRESSED\test_I2.bin"
"Unknown","test_I2.bin","0","2024-03-12 13:37:32","C:\Users\AWA007\Desktop\Data\personal\文档\项目\智能触屏手表\项目1\GUI\lv_port_pc_visual_studio\LvglPlatform\lvgl\tests\test_images\stride_align64\LZ4\test_I2.bin"
"Unknown","test_I2.bin","0","2024-03-12 13:37:32","C:\Users\AWA007\Desktop\Data\personal\文档\项目\智能触屏手表\项目1\GUI\lv_port_pc_visual_studio\LvglPlatform\lvgl\tests\test_images\stride_align64\RLE\test_I2.bin"
"Unknown","test_I2.bin","0","2024-03-12 13:37:32","C:\Users\AWA007\Desktop\Data\personal\文档\项目\智能触屏手表\项目1\GUI\lv_port_pc_visual_studio\LvglPlatform\lvgl\tests\test_images\stride_align64\UNCOMPRESSED\test_I2.bin"
"Unknown","test_I1.bin","0","2024-03-12 13:37:32","C:\Users\AWA007\Desktop\Data\personal\文档\项目\智能触屏手表\项目1\GUI\lv_port_pc_visual_studio\LvglPlatform\lvgl\tests\test_images\stride_align1\LZ4\test_I1.bin"
"Unknown","test_I1.bin","0","2024-03-12 13:37:32","C:\Users\AWA007\Desktop\Data\personal\文档\项目\智能触屏手表\项目1\GUI\lv_port_pc_visual_studio\LvglPlatform\lvgl\tests\test_images\stride_align1\UNCOMPRESSED\test_I1.bin"
"Unknown","test_I1.bin","0","2024-03-12 13:37:32","C:\Users\AWA007\Desktop\Data\personal\文档\项目\智能触屏手表\项目1\GUI\lv_port_pc_visual_studio\LvglPlatform\lvgl\tests\test_images\stride_align64\RLE\test_I1.bin"
"Unknown","test_I1.bin","0","2024-03-12 13:37:32","C:\Users\AWA007\Desktop\Data\personal\文档\项目\智能触屏手表\项目1\GUI\lv_port_pc_visual_studio\LvglPlatform\lvgl\tests\test_images\stride_align64\LZ4\test_I1.bin"
"Unknown","test_I1.bin","0","2024-03-12 13:37:32","C:\Users\AWA007\Desktop\Data\personal\文档\项目\智能触屏手表\项目1\GUI\lv_port_pc_visual_studio\LvglPlatform\lvgl\tests\test_images\stride_align64\UNCOMPRESSED\test_I1.bin"
"Unknown","test_I1.bin","0","2024-03-12 13:37:32","C:\Users\AWA007\Desktop\Data\personal\文档\项目\智能触屏手表\项目1\GUI\lv_port_pc_visual_studio\LvglPlatform\lvgl\tests\test_images\stride_align1\RLE\test_I1.bin"
"Unknown","test_ARGB8888.bin","0","2024-03-12 13:37:32","C:\Users\AWA007\Desktop\Data\personal\文档\项目\智能触屏手表\项目1\GUI\lv_port_pc_visual_studio\LvglPlatform\lvgl\tests\test_images\stride_align1\RLE\test_ARGB8888.bin"
"Unknown","test_ARGB8888.bin","0","2024-03-12 13:37:32","C:\Users\AWA007\Desktop\Data\personal\文档\项目\智能触屏手表\项目1\GUI\lv_port_pc_visual_studio\LvglPlatform\lvgl\tests\test_images\stride_align64\LZ4\test_ARGB8888.bin"
"Unknown","test_ARGB8888.bin","0","2024-03-12 13:37:32","C:\Users\AWA007\Desktop\Data\personal\文档\项目\智能触屏手表\项目1\GUI\lv_port_pc_visual_studio\LvglPlatform\lvgl\tests\test_images\stride_align64\RLE\test_ARGB8888.bin"
"Unknown","test_ARGB8888.bin","0","2024-03-12 13:37:32","C:\Users\AWA007\Desktop\Data\personal\文档\项目\智能触屏手表\项目1\GUI\lv_port_pc_visual_studio\LvglPlatform\lvgl\tests\test_images\stride_align1\UNCOMPRESSED\test_ARGB8888.bin"
"Unknown","test_ARGB8888.bin","0","2024-03-12 13:37:32","C:\Users\AWA007\Desktop\Data\personal\文档\项目\智能触屏手表\项目1\GUI\lv_port_pc_visual_studio\LvglPlatform\lvgl\tests\test_images\stride_align1\LZ4\test_ARGB8888.bin"
"Unknown","test_ARGB8888.bin","0","2024-03-12 13:37:32","C:\Users\AWA007\Desktop\Data\personal\文档\项目\智能触屏手表\项目1\GUI\lv_port_pc_visual_studio\LvglPlatform\lvgl\tests\test_images\stride_align64\UNCOMPRESSED\test_ARGB8888.bin"
"Unknown","test_A8.bin","0","2024-03-12 13:37:32","C:\Users\AWA007\Desktop\Data\personal\文档\项目\智能触屏手表\项目1\GUI\lv_port_pc_visual_studio\LvglPlatform\lvgl\tests\test_images\stride_align1\LZ4\test_A8.bin"
"Unknown","test_A8.bin","0","2024-03-12 13:37:32","C:\Users\AWA007\Desktop\Data\personal\文档\项目\智能触屏手表\项目1\GUI\lv_port_pc_visual_studio\LvglPlatform\lvgl\tests\test_images\stride_align1\UNCOMPRESSED\test_A8.bin"
"Unknown","test_A8.bin","0","2024-03-12 13:37:32","C:\Users\AWA007\Desktop\Data\personal\文档\项目\智能触屏手表\项目1\GUI\lv_port_pc_visual_studio\LvglPlatform\lvgl\tests\test_images\stride_align64\LZ4\test_A8.bin"
"Unknown","test_A8.bin","0","2024-03-12 13:37:32","C:\Users\AWA007\Desktop\Data\personal\文档\项目\智能触屏手表\项目1\GUI\lv_port_pc_visual_studio\LvglPlatform\lvgl\tests\test_images\stride_align1\RLE\test_A8.bin"
"Unknown","test_A8.bin","0","2024-03-12 13:37:32","C:\Users\AWA007\Desktop\Data\personal\文档\项目\智能触屏手表\项目1\GUI\lv_port_pc_visual_studio\LvglPlatform\lvgl\tests\test_images\stride_align64\RLE\test_A8.bin"
"Unknown","test_A8.bin","0","2024-03-12 13:37:32","C:\Users\AWA007\Desktop\Data\personal\文档\项目\智能触屏手表\项目1\GUI\lv_port_pc_visual_studio\LvglPlatform\lvgl\tests\test_images\stride_align64\UNCOMPRESSED\test_A8.bin"
"Unknown","test_A4.bin","0","2024-03-12 13:37:32","C:\Users\AWA007\Desktop\Data\personal\文档\项目\智能触屏手表\项目1\GUI\lv_port_pc_visual_studio\LvglPlatform\lvgl\tests\test_images\stride_align1\LZ4\test_A4.bin"
"Unknown","test_A4.bin","0","2024-03-12 13:37:32","C:\Users\AWA007\Desktop\Data\personal\文档\项目\智能触屏手表\项目1\GUI\lv_port_pc_visual_studio\LvglPlatform\lvgl\tests\test_images\stride_align64\LZ4\test_A4.bin"
"Unknown","test_A4.bin","0","2024-03-12 13:37:32","C:\Users\AWA007\Desktop\Data\personal\文档\项目\智能触屏手表\项目1\GUI\lv_port_pc_visual_studio\LvglPlatform\lvgl\tests\test_images\stride_align1\UNCOMPRESSED\test_A4.bin"
"Unknown","test_A4.bin","0","2024-03-12 13:37:32","C:\Users\AWA007\Desktop\Data\personal\文档\项目\智能触屏手表\项目1\GUI\lv_port_pc_visual_studio\LvglPlatform\lvgl\tests\test_images\stride_align64\UNCOMPRESSED\test_A4.bin"
"Unknown","test_A4.bin","0","2024-03-12 13:37:32","C:\Users\AWA007\Desktop\Data\personal\文档\项目\智能触屏手表\项目1\GUI\lv_port_pc_visual_studio\LvglPlatform\lvgl\tests\test_images\stride_align1\RLE\test_A4.bin"
"Unknown","test_A4.bin","0","2024-03-12 13:37:32","C:\Users\AWA007\Desktop\Data\personal\文档\项目\智能触屏手表\项目1\GUI\lv_port_pc_visual_studio\LvglPlatform\lvgl\tests\test_images\stride_align64\RLE\test_A4.bin"
"Unknown","test_A2.bin","0","2024-03-12 13:37:32","C:\Users\AWA007\Desktop\Data\personal\文档\项目\智能触屏手表\项目1\GUI\lv_port_pc_visual_studio\LvglPlatform\lvgl\tests\test_images\stride_align1\RLE\test_A2.bin"
"Unknown","test_A2.bin","0","2024-03-12 13:37:32","C:\Users\AWA007\Desktop\Data\personal\文档\项目\智能触屏手表\项目1\GUI\lv_port_pc_visual_studio\LvglPlatform\lvgl\tests\test_images\stride_align64\RLE\test_A2.bin"
"Unknown","test_A2.bin","0","2024-03-12 13:37:32","C:\Users\AWA007\Desktop\Data\personal\文档\项目\智能触屏手表\项目1\GUI\lv_port_pc_visual_studio\LvglPlatform\lvgl\tests\test_images\stride_align1\UNCOMPRESSED\test_A2.bin"
"Unknown","test_A2.bin","0","2024-03-12 13:37:32","C:\Users\AWA007\Desktop\Data\personal\文档\项目\智能触屏手表\项目1\GUI\lv_port_pc_visual_studio\LvglPlatform\lvgl\tests\test_images\stride_align64\UNCOMPRESSED\test_A2.bin"
"Unknown","test_A2.bin","0","2024-03-12 13:37:32","C:\Users\AWA007\Desktop\Data\personal\文档\项目\智能触屏手表\项目1\GUI\lv_port_pc_visual_studio\LvglPlatform\lvgl\tests\test_images\stride_align1\LZ4\test_A2.bin"
"Unknown","test_A2.bin","0","2024-03-12 13:37:32","C:\Users\AWA007\Desktop\Data\personal\文档\项目\智能触屏手表\项目1\GUI\lv_port_pc_visual_studio\LvglPlatform\lvgl\tests\test_images\stride_align64\LZ4\test_A2.bin"
"Unknown","test_A1.bin","0","2024-03-12 13:37:32","C:\Users\AWA007\Desktop\Data\personal\文档\项目\智能触屏手表\项目1\GUI\lv_port_pc_visual_studio\LvglPlatform\lvgl\tests\test_images\stride_align1\UNCOMPRESSED\test_A1.bin"
"Unknown","test_A1.bin","0","2024-03-12 13:37:32","C:\Users\AWA007\Desktop\Data\personal\文档\项目\智能触屏手表\项目1\GUI\lv_port_pc_visual_studio\LvglPlatform\lvgl\tests\test_images\stride_align1\RLE\test_A1.bin"
"Unknown","test_A1.bin","0","2024-03-12 13:37:32","C:\Users\AWA007\Desktop\Data\personal\文档\项目\智能触屏手表\项目1\GUI\lv_port_pc_visual_studio\LvglPlatform\lvgl\tests\test_images\stride_align64\UNCOMPRESSED\test_A1.bin"
"Unknown","test_A1.bin","0","2024-03-12 13:37:32","C:\Users\AWA007\Desktop\Data\personal\文档\项目\智能触屏手表\项目1\GUI\lv_port_pc_visual_studio\LvglPlatform\lvgl\tests\test_images\stride_align1\LZ4\test_A1.bin"
"Unknown","test_A1.bin","0","2024-03-12 13:37:32","C:\Users\AWA007\Desktop\Data\personal\文档\项目\智能触屏手表\项目1\GUI\lv_port_pc_visual_studio\LvglPlatform\lvgl\tests\test_images\stride_align64\LZ4\test_A1.bin"
"Unknown","test_A1.bin","0","2024-03-12 13:37:32","C:\Users\AWA007\Desktop\Data\personal\文档\项目\智能触屏手表\项目1\GUI\lv_port_pc_visual_studio\LvglPlatform\lvgl\tests\test_images\stride_align64\RLE\test_A1.bin"
"Unknown","tcp_syn.bin","0","2023-11-01 21:40:09","C:\Users\AWA007\Desktop\Data\其他资料\工具\STM32Cube_FW_F4_V1.28.0\Middlewares\Third_Party\LwIP\test\fuzz\inputs\tcp\tcp_syn.bin"
"Unknown","stm32wLoader.bin","0","2015-07-08 17:26:46","C:\Users\AWA007\Desktop\Data\personal\文档\项目\智能触屏手表\STM32入门教程资料\压缩包\工具软件\STLINK驱动\STLink\stm32wLoader.bin"
"Unknown","stm32wLoader.bin","0","2015-07-08 17:26:46","C:\Users\AWA007\Desktop\Data\personal\文档\项目\智能触屏手表\STM32入门教程资料\Keil5 学习资料\工具软件\STLINK驱动\STLink\stm32wLoader.bin"
"Unknown","stm32l15xLoader.bin","0","2015-07-08 17:26:44","C:\Users\AWA007\Desktop\Data\personal\文档\项目\智能触屏手表\STM32入门教程资料\Keil5 学习资料\工具软件\STLINK驱动\STLink\stm32l15xLoader.bin"
"Unknown","stm32l15xLoader.bin","0","2015-07-08 17:26:44","C:\Users\AWA007\Desktop\Data\personal\文档\项目\智能触屏手表\STM32入门教程资料\压缩包\工具软件\STLINK驱动\STLink\stm32l15xLoader.bin"
"Unknown","STM32F429I_DISCO_HelloWorld.bin","0","2023-11-01 21:37:41","C:\Users\AWA007\Desktop\Data\其他资料\工具\STM32Cube_FW_F4_V1.28.0\Projects\STM32F429I-Discovery\Applications\USB_Host\FWupgrade_Standalone\Binary\STM32F429I_DISCO_HelloWorld.bin"
"Unknown","STM32F429I_DISCO_HelloWorld.bin","0","2024-05-31 20:29:59","C:\Users\AWA007\Desktop\Data\school\The first semester of the sophomore year\嵌入式系统设计\STM32Cube_FW_F4_V1.28.0\Projects\STM32F429I-Discovery\Applications\USB_Host\FWupgrade_Standalone\Binary\STM32F429I_DISCO_HelloWorld.bin"
"Unknown","STM32F429I_DISCO_GPIO_EXTI.bin","0","2023-11-01 21:37:41","C:\Users\AWA007\Desktop\Data\其他资料\工具\STM32Cube_FW_F4_V1.28.0\Projects\STM32F429I-Discovery\Applications\USB_Host\FWupgrade_Standalone\Binary\STM32F429I_DISCO_GPIO_EXTI.bin"
"Unknown","STM32F429I_DISCO_GPIO_EXTI.bin","0","2024-05-31 20:29:59","C:\Users\AWA007\Desktop\Data\school\The first semester of the sophomore year\嵌入式系统设计\STM32Cube_FW_F4_V1.28.0\Projects\STM32F429I-Discovery\Applications\USB_Host\FWupgrade_Standalone\Binary\STM32F429I_DISCO_GPIO_EXTI.bin"
"Unknown","stm32F20xLoader.bin","0","2015-07-08 17:26:46","C:\Users\AWA007\Desktop\Data\personal\文档\项目\智能触屏手表\STM32入门教程资料\Keil5 学习资料\工具软件\STLINK驱动\STLink\stm32F20xLoader.bin"
"Unknown","stm32F20xLoader.bin","0","2015-07-08 17:26:46","C:\Users\AWA007\Desktop\Data\personal\文档\项目\智能触屏手表\STM32入门教程资料\压缩包\工具软件\STLINK驱动\STLink\stm32F20xLoader.bin"
"Unknown","stm32f10xLoader.bin","0","2015-07-08 17:26:46","C:\Users\AWA007\Desktop\Data\personal\文档\项目\智能触屏手表\STM32入门教程资料\Keil5 学习资料\工具软件\STLINK驱动\STLink\stm32f10xLoader.bin"
"Unknown","stm32f10xLoader.bin","0","2015-07-08 17:26:46","C:\Users\AWA007\Desktop\Data\personal\文档\项目\智能触屏手表\STM32入门教程资料\压缩包\工具软件\STLINK驱动\STLink\stm32f10xLoader.bin"
"Unknown","stm32f10xGLoader.bin","0","2015-07-08 17:26:46","C:\Users\AWA007\Desktop\Data\personal\文档\项目\智能触屏手表\STM32入门教程资料\Keil5 学习资料\工具软件\STLINK驱动\STLink\stm32f10xGLoader.bin"
"Unknown","stm32f10xGLoader.bin","0","2015-07-08 17:26:46","C:\Users\AWA007\Desktop\Data\personal\文档\项目\智能触屏手表\STM32入门教程资料\压缩包\工具软件\STLINK驱动\STLink\stm32f10xGLoader.bin"
"Unknown","STM324xG_EVAL_USBH_MSC_HS.bin","0","2023-11-01 21:37:26","C:\Users\AWA007\Desktop\Data\其他资料\工具\STM32Cube_FW_F4_V1.28.0\Projects\STM324xG_EVAL\Applications\USB_Host\FWupgrade_Standalone\Binary\STM324xG_EVAL_USBH_MSC_HS.bin"
"Unknown","STM324xG_EVAL_USBH_MSC_HS.bin","0","2024-05-31 20:29:43","C:\Users\AWA007\Desktop\Data\school\The first semester of the sophomore year\嵌入式系统设计\STM32Cube_FW_F4_V1.28.0\Projects\STM324xG_EVAL\Applications\USB_Host\FWupgrade_Standalone\Binary\STM324xG_EVAL_USBH_MSC_HS.bin"
"Unknown","STM324xG_EVAL_USBH_MSC_FS.bin","0","2024-05-31 20:29:43","C:\Users\AWA007\Desktop\Data\school\The first semester of the sophomore year\嵌入式系统设计\STM32Cube_FW_F4_V1.28.0\Projects\STM324xG_EVAL\Applications\USB_Host\FWupgrade_Standalone\Binary\STM324xG_EVAL_USBH_MSC_FS.bin"
"Unknown","STM324xG_EVAL_USBH_MSC_FS.bin","0","2023-11-01 21:37:26","C:\Users\AWA007\Desktop\Data\其他资料\工具\STM32Cube_FW_F4_V1.28.0\Projects\STM324xG_EVAL\Applications\USB_Host\FWupgrade_Standalone\Binary\STM324xG_EVAL_USBH_MSC_FS.bin"
"Unknown","STM324xG_EVAL_SysTick.bin","0","2023-11-01 21:37:26","C:\Users\AWA007\Desktop\Data\其他资料\工具\STM32Cube_FW_F4_V1.28.0\Projects\STM324xG_EVAL\Applications\LwIP\LwIP_IAP\binary\STM324xG_EVAL_SysTick.bin"
"Unknown","STM324xG_EVAL_SysTick.bin","0","2024-05-31 20:29:43","C:\Users\AWA007\Desktop\Data\school\The first semester of the sophomore year\嵌入式系统设计\STM32Cube_FW_F4_V1.28.0\Projects\STM324xG_EVAL\Applications\USB_Host\FWupgrade_Standalone\Binary\STM324xG_EVAL_SysTick.bin"
"Unknown","STM324xG_EVAL_SysTick.bin","0","2023-11-01 21:37:26","C:\Users\AWA007\Desktop\Data\其他资料\工具\STM32Cube_FW_F4_V1.28.0\Projects\STM324xG_EVAL\Applications\USB_Host\FWupgrade_Standalone\Binary\STM324xG_EVAL_SysTick.bin"
"Unknown","STM324xG_EVAL_SysTick.bin","0","2024-05-31 20:29:42","C:\Users\AWA007\Desktop\Data\school\The first semester of the sophomore year\嵌入式系统设计\STM32Cube_FW_F4_V1.28.0\Projects\STM324xG_EVAL\Applications\LwIP\LwIP_IAP\binary\STM324xG_EVAL_SysTick.bin"
"Unknown","STM324xG_EVAL_HTTP_Server.bin","0","2024-05-31 20:29:42","C:\Users\AWA007\Desktop\Data\school\The first semester of the sophomore year\嵌入式系统设计\STM32Cube_FW_F4_V1.28.0\Projects\STM324xG_EVAL\Applications\LwIP\LwIP_IAP\binary\STM324xG_EVAL_HTTP_Server.bin"
"Unknown","STM324xG_EVAL_HTTP_Server.bin","0","2023-11-01 21:37:26","C:\Users\AWA007\Desktop\Data\其他资料\工具\STM32Cube_FW_F4_V1.28.0\Projects\STM324xG_EVAL\Applications\LwIP\LwIP_IAP\binary\STM324xG_EVAL_HTTP_Server.bin"
"Unknown","STM324x9I_EVAL_USBH_MSC_HS.bin","0","2023-11-01 21:37:20","C:\Users\AWA007\Desktop\Data\其他资料\工具\STM32Cube_FW_F4_V1.28.0\Projects\STM324x9I_EVAL\Applications\USB_Host\FWupgrade_Standalone\Binary\STM324x9I_EVAL_USBH_MSC_HS.bin"
"Unknown","STM324x9I_EVAL_USBH_MSC_HS.bin","0","2024-05-31 20:29:37","C:\Users\AWA007\Desktop\Data\school\The first semester of the sophomore year\嵌入式系统设计\STM32Cube_FW_F4_V1.28.0\Projects\STM324x9I_EVAL\Applications\USB_Host\FWupgrade_Standalone\Binary\STM324x9I_EVAL_USBH_MSC_HS.bin"
"Unknown","STM324x9I_EVAL_USBH_MSC_FS.bin","0","2024-05-31 20:29:37","C:\Users\AWA007\Desktop\Data\school\The first semester of the sophomore year\嵌入式系统设计\STM32Cube_FW_F4_V1.28.0\Projects\STM324x9I_EVAL\Applications\USB_Host\FWupgrade_Standalone\Binary\STM324x9I_EVAL_USBH_MSC_FS.bin"
"Unknown","STM324x9I_EVAL_USBH_MSC_FS.bin","0","2023-11-01 21:37:20","C:\Users\AWA007\Desktop\Data\其他资料\工具\STM32Cube_FW_F4_V1.28.0\Projects\STM324x9I_EVAL\Applications\USB_Host\FWupgrade_Standalone\Binary\STM324x9I_EVAL_USBH_MSC_FS.bin"
"Unknown","STM324x9I_EVAL_Systick.bin","0","2023-11-01 21:37:19","C:\Users\AWA007\Desktop\Data\其他资料\工具\STM32Cube_FW_F4_V1.28.0\Projects\STM324x9I_EVAL\Applications\LwIP\LwIP_IAP\Binary\STM324x9I_EVAL_Systick.bin"
"Unknown","STM324x9I_EVAL_SysTick.bin","0","2024-05-31 20:29:37","C:\Users\AWA007\Desktop\Data\school\The first semester of the sophomore year\嵌入式系统设计\STM32Cube_FW_F4_V1.28.0\Projects\STM324x9I_EVAL\Applications\USB_Host\FWupgrade_Standalone\Binary\STM324x9I_EVAL_SysTick.bin"
"Unknown","STM324x9I_EVAL_Systick.bin","0","2024-05-31 20:29:35","C:\Users\AWA007\Desktop\Data\school\The first semester of the sophomore year\嵌入式系统设计\STM32Cube_FW_F4_V1.28.0\Projects\STM324x9I_EVAL\Applications\LwIP\LwIP_IAP\Binary\STM324x9I_EVAL_Systick.bin"
"Unknown","STM324x9I_EVAL_SysTick.bin","0","2023-11-01 21:37:20","C:\Users\AWA007\Desktop\Data\其他资料\工具\STM32Cube_FW_F4_V1.28.0\Projects\STM324x9I_EVAL\Applications\USB_Host\FWupgrade_Standalone\Binary\STM324x9I_EVAL_SysTick.bin"
"Unknown","STM324x9I_EVAL_HTTP_Server.bin","0","2023-11-01 21:37:19","C:\Users\AWA007\Desktop\Data\其他资料\工具\STM32Cube_FW_F4_V1.28.0\Projects\STM324x9I_EVAL\Applications\LwIP\LwIP_IAP\Binary\STM324x9I_EVAL_HTTP_Server.bin"
"Unknown","STM324x9I_EVAL_HTTP_Server.bin","0","2024-05-31 20:29:35","C:\Users\AWA007\Desktop\Data\school\The first semester of the sophomore year\嵌入式系统设计\STM32Cube_FW_F4_V1.28.0\Projects\STM324x9I_EVAL\Applications\LwIP\LwIP_IAP\Binary\STM324x9I_EVAL_HTTP_Server.bin"
"Unknown","STM32469I_DISCOVERY_SysTick_0x08008000.bin","0","2023-11-01 21:37:08","C:\Users\AWA007\Desktop\Data\其他资料\工具\STM32Cube_FW_F4_V1.28.0\Projects\STM32469I-Discovery\Applications\USB_Host\FWupgrade_Standalone\Binary\STM32469I_DISCOVERY_SysTick_0x08008000.bin"
"Unknown","STM32469I_DISCOVERY_SysTick_0x08008000.bin","0","2024-05-31 20:29:23","C:\Users\AWA007\Desktop\Data\school\The first semester of the sophomore year\嵌入式系统设计\STM32Cube_FW_F4_V1.28.0\Projects\STM32469I-Discovery\Applications\USB_Host\FWupgrade_Standalone\Binary\STM32469I_DISCOVERY_SysTick_0x08008000.bin"
"Unknown","STM32446E_EVAL_SysTick_0x08008000.bin","0","2023-11-01 21:37:05","C:\Users\AWA007\Desktop\Data\其他资料\工具\STM32Cube_FW_F4_V1.28.0\Projects\STM32446E_EVAL\Applications\USB_Host\FWupgrade_Standalone\Binary\STM32446E_EVAL_SysTick_0x08008000.bin"
"Unknown","STM32446E_EVAL_SysTick_0x08008000.bin","0","2024-05-31 20:29:19","C:\Users\AWA007\Desktop\Data\school\The first semester of the sophomore year\嵌入式系统设计\STM32Cube_FW_F4_V1.28.0\Projects\STM32446E_EVAL\Applications\USB_Host\FWupgrade_Standalone\Binary\STM32446E_EVAL_SysTick_0x08008000.bin"
"Unknown","sram_test_PLT_V3_fw.bin","0","2021-09-06 21:02:02","C:\Users\AWA007\Desktop\Data\personal\文档\项目\智能触屏手表\项目1\嵌入式软件开发\zhilan\goodix\GRPLT_Config_Tool\GRPLT_Lite_Config_Tool__Windows_V1.1.5\OtherOptions\CK_Memory\sram_test_PLT_V3_fw.bin"
"Unknown","snapshot_blob.bin","0","2019-10-04 03:36:46","C:\Users\AWA007\Desktop\Data\其他资料\工具\CAD__2021\x64\acad\PF\Root\AcCef\snapshot_blob.bin"
"Unknown","sigmoid.onnx","0","2024-10-19 12:55:49","C:\Users\AWA007\Desktop\Data\school\The first semester of the sophomore year\计算机基础\final project\Camera_connect\passenger-flow-algorithm-python\.venv\Lib\site-packages\onnxruntime\datasets\sigmoid.onnx"
"Unknown","shaky_car.bin","0.009","2010-08-25 13:06:19","C:\Users\AWA007\Desktop\Data\Code shool\matlab\matlab\toolbox\vision\visiondata\shaky_car.bin"
"Unknown","sdxl_vae.safetensors","0.312","2026-05-28 11:00:28","C:\Users\AWA007\Downloads\sdxl_vae.safetensors"
"Unknown","router_adv.bin","0","2023-11-01 21:40:09","C:\Users\AWA007\Desktop\Data\其他资料\工具\STM32Cube_FW_F4_V1.28.0\Middlewares\Third_Party\LwIP\test\fuzz\inputs\ipv6\router_adv.bin"
"Unknown","ratatatat74_pony_v2.safetensors","0.066","2026-05-28 15:26:41","C:\Users\AWA007\Downloads\ratatatat74_pony_v2.safetensors"
"Unknown","pywin32.pth","0","2024-10-31 11:35:28","C:\Users\AWA007\Desktop\Data\school\The first semester of the sophomore year\线性代数及应用\.venv\Lib\site-packages\pywin32.pth"
"Unknown","Project.bin","0","2011-04-18 13:19:22","C:\Users\AWA007\Desktop\Data\personal\文档\项目\智能触屏手表\STM32入门教程资料\Keil5 学习资料\模块资料\1-STM32F103C8T6核心板\网络收集参考例程\STM32 USB Bootloader\uCOSII2.91+UCGUI3.90A(Support USB Mouse for HY35A) (Bootloader)\Project.bin"
"Unknown","PONYXL_STYLE_Gagala_ownwaifu.safetensors","0.213","2026-05-28 15:27:55","C:\Users\AWA007\Downloads\PONYXL_STYLE_Gagala_ownwaifu.safetensors"
"Unknown","ponyDiffusionV6XL_v6StartWithThisOne.safetensors","6.462","2026-05-23 15:38:40","C:\Users\AWA007\Downloads\ponyDiffusionV6XL_v6StartWithThisOne.safetensors"
"Unknown","pc_settings.bin","0","2026-04-14 13:56:51","C:\Users\AWA007\Documents\Rockstar Games\GTAV Enhanced\Profiles\D3C398E1\pc_settings.bin"
"Unknown","pc_settings.bin","0","2025-04-02 11:13:19","C:\Users\AWA007\Documents\Rockstar Games\GTA V\Profiles\D3C398E1\pc_settings.bin"
"Unknown","origindata6.bin","0","2020-01-17 00:00:00","C:\Users\AWA007\Desktop\Data\其他资料\工具\2021pro（正式版无限制）\第一步：安装程序\origindata6.bin"
"Unknown","origindata5.bin","0","2020-01-19 21:06:46","C:\Users\AWA007\Desktop\Data\其他资料\工具\2021pro（正式版无限制）\第一步：安装程序\origindata5.bin"
"Unknown","origindata4.bin","0","2017-01-30 17:54:22","C:\Users\AWA007\Desktop\Data\其他资料\工具\2021pro（正式版无限制）\第一步：安装程序\origindata4.bin"
"Unknown","origindata3.bin","0","2019-05-08 17:14:30","C:\Users\AWA007\Desktop\Data\其他资料\工具\2021pro（正式版无限制）\第一步：安装程序\origindata3.bin"
"Unknown","origindata2.bin","0.012","2021-05-20 17:14:54","C:\Users\AWA007\Desktop\Data\其他资料\工具\2021pro（正式版无限制）\第一步：安装程序\origindata2.bin"
"Unknown","origindata1.bin","0.044","2021-05-20 18:01:11","C:\Users\AWA007\Desktop\Data\其他资料\工具\2021pro（正式版无限制）\第一步：安装程序\origindata1.bin"
"Unknown","NIYouLAs.bin","0.007","2019-06-20 20:13:26","C:\Users\AWA007\Desktop\Data\school\Second semester of sophomore year\量化工程分析（信号与系统&数字信号处理）\Labview\NIDAQ1551f0\Products\EULADepot\NIYouLAs.bin"
"Unknown","NILV1501Deps_National InstrumentsLabVIEW 2015.bin","0.001","2025-06-04 00:31:22","C:\Users\AWA007\Documents\LabVIEW Data\Dependencies\NILV1501Deps_National InstrumentsLabVIEW 2015.bin"
"Unknown","neighbor_solicitation.bin","0","2023-11-01 21:40:09","C:\Users\AWA007\Desktop\Data\其他资料\工具\STM32Cube_FW_F4_V1.28.0\Middlewares\Third_Party\LwIP\test\fuzz\inputs\ipv6\neighbor_solicitation.bin"
"Unknown","natives_blob.bin","0","2019-10-04 03:34:34","C:\Users\AWA007\Desktop\Data\其他资料\工具\CAD__2021\x64\acad\PF\Root\AcCef\natives_blob.bin"
"Unknown","musicsample_wav.bin","0","2023-11-01 21:37:35","C:\Users\AWA007\Desktop\Data\其他资料\工具\STM32Cube_FW_F4_V1.28.0\Projects\STM32F412G-Discovery\Examples\I2S\I2S_Audio\Binary\musicsample_wav.bin"
"Unknown","musicsample_wav.bin","0","2024-05-31 20:29:52","C:\Users\AWA007\Desktop\Data\school\The first semester of the sophomore year\嵌入式系统设计\STM32Cube_FW_F4_V1.28.0\Projects\STM32F412G-Discovery\Examples\I2S\I2S_Audio\Binary\musicsample_wav.bin"
"Unknown","mul_1.onnx","0","2024-10-19 12:55:49","C:\Users\AWA007\Desktop\Data\school\The first semester of the sophomore year\计算机基础\final project\Camera_connect\passenger-flow-algorithm-python\.venv\Lib\site-packages\onnxruntime\datasets\mul_1.onnx"
"Unknown","model.safetensors","9.003","2024-01-21 23:23:18","C:\Users\AWA007\Desktop\Data\其他资料\工具\AITranslator\各种模型（务必查看使用说明）\Sakura 13b AWQ模型\Sakura-13B-LNovel-v09-awq\model.safetensors"
"Unknown","mks_monster8.bin","0","2023-03-18 11:28:37","C:\Users\AWA007\Desktop\Data\school\Out Of Class\GuguBOT_硬件复现工程\01_原始资料\MKS-Monster8-main\tool\DFU-Upload\mks_monster8.bin"
"Unknown","mks_monster8_Bootloader_VET6.bin","0","2023-03-18 11:28:37","C:\Users\AWA007\Desktop\Data\school\Out Of Class\GuguBOT_硬件复现工程\01_原始资料\MKS-Monster8-main\tool\DFU-Upload\mks_monster8_Bootloader_VET6.bin"
"Unknown","mks_monster8 v0.10.0-557.bin","0","2023-03-18 11:28:37","C:\Users\AWA007\Desktop\Data\school\Out Of Class\GuguBOT_硬件复现工程\01_原始资料\MKS-Monster8-main\klipper firmware\mks_monster8 v0.10.0-557.bin"
"Unknown","mask8.onnx","0.011","2024-09-13 01:10:26","C:\Users\AWA007\Desktop\Data\school\The first semester of the sophomore year\计算机基础\final project\Camera_connect\passenger-flow-algorithm-python\weights\mask8.onnx"
"Unknown","logreg_iris.onnx","0","2024-10-19 12:55:49","C:\Users\AWA007\Desktop\Data\school\The first semester of the sophomore year\计算机基础\final project\Camera_connect\passenger-flow-algorithm-python\.venv\Lib\site-packages\onnxruntime\datasets\logreg_iris.onnx"
"Unknown","Limon_MCV1.5-1-g7ad617e_20230110_173753.bin","0","2024-06-01 11:06:10","C:\Users\AWA007\Desktop\Data\personal\文档\项目\ROS小车\limo-doc\limo_software\limo_firmware update\limo_firmware\Limon_MCV1.5-1-g7ad617e_20230110_173753.bin"
"Unknown","layout.bin","0","2024-04-01 23:36:31","C:\Users\AWA007\Desktop\Data\personal\文档\项目\RC比赛相关资料\开源资料（2023年1月更新版）\3.电控培训资料\3.电机控制器\elmo相关资料\Elmo Composer Setup 29January2014\Composer_Setup_29January2014\layout.bin"
"Unknown","layout.bin","0","2020-10-27 04:57:06","C:\Users\AWA007\Desktop\Data\其他资料\工具\2021pro（正式版无限制）\第一步：安装程序\layout.bin"
"Unknown","last.pt","0.018","2025-12-09 00:36:47","C:\Users\AWA007\Desktop\Data\school\the first semester of the junior year\机器人\yolo\kuaizi\ultralytics\runs\detect\train9\weights\last.pt"
"Unknown","last.pt","0.006","2025-12-09 01:26:26","C:\Users\AWA007\Desktop\Data\school\the first semester of the junior year\机器人\yolo\kuaizi\ultralytics\runs\detect\train12\weights\last.pt"
"Unknown","last.pt","0.006","2025-12-09 00:24:21","C:\Users\AWA007\Desktop\Data\school\the first semester of the junior year\机器人\yolo\kuaizi\ultralytics\runs\detect\train8\weights\last.pt"
"Unknown","last.pt","0.006","2025-05-08 21:15:00","C:\Users\AWA007\Desktop\Data\school\the first semester of the junior year\机器人\yolo\kuaizi\ultralytics\runs\detect\train\weights\last.pt"
"Unknown","last.pt","0.006","2025-05-08 16:55:24","C:\Users\AWA007\Desktop\Data\school\the first semester of the junior year\机器人\yolo\kuaizi\ultralytics\runs\detect\train1\weights\last.pt"
"Unknown","last.pt","0.005","2025-05-09 18:49:51","C:\Users\AWA007\Desktop\Data\school\the first semester of the junior year\机器人\yolo\kuaizi\ultralytics\runs\detect\train3\weights\last.pt"
"Unknown","last.pt","0.005","2025-05-09 00:29:51","C:\Users\AWA007\Desktop\Data\school\the first semester of the junior year\机器人\yolo\kuaizi\ultralytics\runs\detect\train2\weights\last.pt"
"Unknown","Keyboard-fw-offset-V1.5.bin","0","2022-11-23 15:55:48","C:\Users\AWA007\Desktop\Data\school\Out Of Class\Custom Keyboard\HelloWord-Keyboard-fw-offset-1.6\cmake-build-debug\Keyboard-fw-offset-V1.5.bin"
"Unknown","Keyboard-fw-offset-V1.4.bin","0","2022-11-19 10:21:00","C:\Users\AWA007\Desktop\Data\school\Out Of Class\Custom Keyboard\HelloWord-Keyboard-fw-offset-1.6\cmake-build-debug\Keyboard-fw-offset-V1.4.bin"
"Unknown","Keyboard-fw-offset-V1.3.bin","0","2022-11-17 20:08:50","C:\Users\AWA007\Desktop\Data\school\Out Of Class\Custom Keyboard\HelloWord-Keyboard-fw-offset-1.6\cmake-build-debug\Keyboard-fw-offset-V1.3.bin"
"Unknown","Keyboard-fw-offset-V1.1.bin","0","2022-11-16 13:28:50","C:\Users\AWA007\Desktop\Data\school\Out Of Class\Custom Keyboard\HelloWord-Keyboard-fw-offset-1.6\cmake-build-debug\Keyboard-fw-offset-V1.1.bin"
"Unknown","jgaurora_bootloader.bin","0","2023-03-18 11:28:37","C:\Users\AWA007\Desktop\Data\school\Out Of Class\GuguBOT_硬件复现工程\01_原始资料\MKS-Monster8-main\marlin firmware for voron\MKS_MONSTER_Marlin-2.0.x_中文\Marlin-2.0.x\buildroot\share\PlatformIO\scripts\jgaurora_bootloader.bin"
"Unknown","jgaurora_bootloader.bin","0","2023-03-18 11:28:37","C:\Users\AWA007\Desktop\Data\school\Out Of Class\GuguBOT_硬件复现工程\01_原始资料\MKS-Monster8-main\marlin firmware for voron\MKS_MONSTER_V2_Marlin-2.0.x\Marlin-2.0.x\buildroot\share\PlatformIO\scripts\jgaurora_bootloader.bin"
"Unknown","jgaurora_bootloader.bin","0","2023-03-18 11:28:37","C:\Users\AWA007\Desktop\Data\school\Out Of Class\GuguBOT_硬件复现工程\01_原始资料\MKS-Monster8-main\marlin firmware for voron\MKS_MONSTER_Marlin-2.0.x\Marlin-2.0.x\buildroot\share\PlatformIO\scripts\jgaurora_bootloader.bin"
"Unknown","icmp_ping.bin","0","2023-11-01 21:40:09","C:\Users\AWA007\Desktop\Data\其他资料\工具\STM32Cube_FW_F4_V1.28.0\Middlewares\Third_Party\LwIP\test\fuzz\inputs\icmp\icmp_ping.bin"
"Unknown","HighlightCache_WW_10952754293771347805.bin","0","2025-01-28 22:50:27","C:\Users\AWA007\Documents\The Crew 2\Temp\HighlightCache_WW_10952754293771347805.bin"
"Unknown","HelloWord-Keyboard-fw.bin","0","2022-09-27 21:48:24","C:\Users\AWA007\Downloads\瀚文-GitHub工程源文件（已填坑）\HelloWord-Keyboard-fw\cmake-build-debug\HelloWord-Keyboard-fw.bin"
"Unknown","HelloWord-Keyboard-fw.bin","0","2025-03-04 18:29:09","C:\Users\AWA007\Desktop\Data\school\Out Of Class\Custom Keyboard\HelloWord-Keyboard-fw-offset-1.6\cmake-build-debug\HelloWord-Keyboard-fw.bin"
"Unknown","HelloWord-Keyboard-fw.bin","0","2024-05-06 10:25:30","C:\Users\AWA007\Desktop\Data\school\Out Of Class\Custom Keyboard\HelloWord-Keyboard\2.Firmware\_Release\HelloWord-Keyboard-fw.bin"
"Unknown","HelloWord-Keyboard-fw.bin","0","2025-01-17 10:20:42","C:\Users\AWA007\Desktop\Data\school\Out Of Class\Custom Keyboard\HelloWord-Keyboard\2.Firmware\HelloWord-Keyboard-fw\cmake-build-debug\HelloWord-Keyboard-fw.bin"
"Unknown","HelloWord-Dynamic-fw.bin","0","2024-05-06 10:25:30","C:\Users\AWA007\Desktop\Data\school\Out Of Class\Custom Keyboard\HelloWord-Keyboard\2.Firmware\_Release\HelloWord-Dynamic-fw.bin"
"Unknown","HelloWord-Dynamic-fw.bin","0","2022-10-08 15:09:18","C:\Users\AWA007\Downloads\瀚文-GitHub工程源文件（已填坑）\HelloWord-Dynamic-fw-offset-1.0\cmake-build-debug\HelloWord-Dynamic-fw.bin"
"Unknown","Haoni-P4v3-PDXL.safetensors","0.097","2026-05-28 15:27:10","C:\Users\AWA007\Downloads\Haoni-P4v3-PDXL.safetensors"
"Unknown","Haoni-P4v3-PDXL (1).safetensors","0.097","2026-05-28 15:27:18","C:\Users\AWA007\Downloads\Haoni-P4v3-PDXL (1).safetensors"
"Unknown","GU_ENC_V0.31.bin","0","2023-12-01 09:58:40","C:\Users\AWA007\Desktop\Data\personal\文档\项目\智能触屏手表\项目1\嵌入式软件开发\zhilan\goodix\GRPLT_Config_Tool\GRPLT_Lite_Config_Tool__Windows_V1.1.5\OtherOptions\FW_GU\GU_ENC_V0.31.bin"
"Unknown","gr5526_smart_watch.bin","0.001","2024-03-13 11:23:42","C:\Users\AWA007\Desktop\Data\personal\文档\项目\智能触屏手表\项目1\GUI\GR5526-Smart-Watch\projects\peripheral\graphics\gr5526_smart_watch\Keil_5\Listings\gr5526_smart_watch.bin"
"Unknown","FLASH_DualBoot.bin","0","2024-05-31 20:29:40","C:\Users\AWA007\Desktop\Data\school\The first semester of the sophomore year\嵌入式系统设计\STM32Cube_FW_F4_V1.28.0\Projects\STM324x9I_EVAL\Examples\FLASH\FLASH_DualBoot\Binary\FLASH_DualBoot.bin"
"Unknown","FLASH_DualBoot.bin","0","2023-11-01 21:37:23","C:\Users\AWA007\Desktop\Data\其他资料\工具\STM32Cube_FW_F4_V1.28.0\Projects\STM324x9I_EVAL\Examples\FLASH\FLASH_DualBoot\Binary\FLASH_DualBoot.bin"
"Unknown","distutils-precedence.pth","0","2024-09-11 14:01:28","C:\Users\AWA007\Desktop\Data\school\The first semester of the sophomore year\线性代数及应用\test\.venv\Lib\site-packages\distutils-precedence.pth"
"Unknown","distutils-precedence.pth","0","2026-05-10 17:11:44","C:\Users\AWA007\Desktop\Data\school\The second semester of the junior year in college\Fundamentals of Artificial Intelligence\week9\agent\.venv\Lib\site-packages\distutils-precedence.pth"
"Unknown","distutils-precedence.pth","0","2025-12-23 09:38:55","C:\Users\AWA007\Desktop\Data\school\the first semester of the junior year\algorithm design\venv\Lib\site-packages\distutils-precedence.pth"
"Unknown","distutils-precedence.pth","0","2025-12-23 09:41:41","C:\Users\AWA007\Desktop\Data\school\the first semester of the junior year\algorithm design\smart_parking_demo\venv\Lib\site-packages\distutils-precedence.pth"
"Unknown","distutils-precedence.pth","0","2026-04-28 11:35:45","C:\Users\AWA007\Desktop\Data\school\The second semester of the junior year in college\Intelligent product design\parenting_kb_v1\.venv\Lib\site-packages\distutils-precedence.pth"
"Unknown","distutils-precedence.pth","0","2024-10-19 12:49:05","C:\Users\AWA007\Desktop\Data\school\The first semester of the sophomore year\计算机基础\final project\Camera_connect\passenger-flow-algorithm-python\.venv\Lib\site-packages\distutils-precedence.pth"
"Unknown","direct_test_mode.bin","0","2023-07-12 14:07:12","C:\Users\AWA007\Desktop\Data\personal\文档\项目\智能触屏手表\项目1\嵌入式软件开发\zhilan\goodix\GR5526_SDK_V1.0.2\projects\ble\dtm\direct_test_mode\build\direct_test_mode.bin"
"Unknown","dfu_master.bin","0","2023-07-12 14:06:42","C:\Users\AWA007\Desktop\Data\personal\文档\项目\智能触屏手表\项目1\嵌入式软件开发\zhilan\goodix\GR5526_SDK_V1.0.2\projects\ble\dfu\dfu_master\build\dfu_master.bin"
"Unknown","def_b64_ff.bin","0","2023-07-11 12:00:56","C:\Users\AWA007\Desktop\Data\personal\文档\项目\智能触屏手表\项目1\嵌入式软件开发\ble_app_template\external\mbedtls\mbedtls-2.26.0_hw\tests\data_files\base64\def_b64_ff.bin"
"Unknown","def_b64_ff.bin","0","2023-07-11 12:00:56","C:\Users\AWA007\Desktop\Data\personal\文档\项目\智能触屏手表\项目1\嵌入式软件开发\zhilan\goodix\GR5526_SDK_V1.0.2\external\mbedtls\mbedtls-2.26.0_hw\tests\data_files\base64\def_b64_ff.bin"
"Unknown","DebugProbesKt.bin","0","1981-01-01 01:01:02","C:\Users\AWA007\Desktop\Data\其他资料\工具\app-release\DebugProbesKt.bin"
"Unknown","coloredlogs.pth","0","2024-10-19 12:50:59","C:\Users\AWA007\Desktop\Data\school\The first semester of the sophomore year\计算机基础\final project\Camera_connect\passenger-flow-algorithm-python\.venv\Lib\site-packages\coloredlogs.pth"
"Unknown","cogwheel.XRGB8888.bin","0","2024-03-12 13:37:32","C:\Users\AWA007\Desktop\Data\personal\文档\项目\智能触屏手表\项目1\GUI\lv_port_pc_visual_studio\LvglPlatform\lvgl\tests\src\test_files\binimages\cogwheel.XRGB8888.bin"
"Unknown","cogwheel.XRGB8888.bin","0","2024-03-12 13:37:32","C:\Users\AWA007\Desktop\Data\personal\文档\项目\智能触屏手表\项目1\GUI\lv_port_pc_visual_studio\LvglPlatform\lvgl\tests\src\test_files\lz4_compressed\cogwheel.XRGB8888.bin"
"Unknown","cogwheel.XRGB8888.bin","0","2024-03-12 13:37:32","C:\Users\AWA007\Desktop\Data\personal\文档\项目\智能触屏手表\项目1\GUI\lv_port_pc_visual_studio\LvglPlatform\lvgl\tests\src\test_files\rle_compressed\cogwheel.XRGB8888.bin"
"Unknown","cogwheel.RGB888.bin","0","2024-03-12 13:37:32","C:\Users\AWA007\Desktop\Data\personal\文档\项目\智能触屏手表\项目1\GUI\lv_port_pc_visual_studio\LvglPlatform\lvgl\tests\src\test_files\rle_compressed\cogwheel.RGB888.bin"
"Unknown","cogwheel.RGB888.bin","0","2024-03-12 13:37:32","C:\Users\AWA007\Desktop\Data\personal\文档\项目\智能触屏手表\项目1\GUI\lv_port_pc_visual_studio\LvglPlatform\lvgl\tests\src\test_files\binimages\cogwheel.RGB888.bin"
"Unknown","cogwheel.RGB888.bin","0","2024-03-12 13:37:32","C:\Users\AWA007\Desktop\Data\personal\文档\项目\智能触屏手表\项目1\GUI\lv_port_pc_visual_studio\LvglPlatform\lvgl\tests\src\test_files\lz4_compressed\cogwheel.RGB888.bin"
"Unknown","cogwheel.RGB565A8.bin","0","2024-03-12 13:37:32","C:\Users\AWA007\Desktop\Data\personal\文档\项目\智能触屏手表\项目1\GUI\lv_port_pc_visual_studio\LvglPlatform\lvgl\tests\src\test_files\lz4_compressed\cogwheel.RGB565A8.bin"
"Unknown","cogwheel.RGB565A8.bin","0","2024-03-12 13:37:32","C:\Users\AWA007\Desktop\Data\personal\文档\项目\智能触屏手表\项目1\GUI\lv_port_pc_visual_studio\LvglPlatform\lvgl\tests\src\test_files\binimages\cogwheel.RGB565A8.bin"
"Unknown","cogwheel.RGB565A8.bin","0","2024-03-12 13:37:32","C:\Users\AWA007\Desktop\Data\personal\文档\项目\智能触屏手表\项目1\GUI\lv_port_pc_visual_studio\LvglPlatform\lvgl\tests\src\test_files\rle_compressed\cogwheel.RGB565A8.bin"
"Unknown","cogwheel.RGB565.bin","0","2024-03-12 13:37:32","C:\Users\AWA007\Desktop\Data\personal\文档\项目\智能触屏手表\项目1\GUI\lv_port_pc_visual_studio\LvglPlatform\lvgl\tests\src\test_files\lz4_compressed\cogwheel.RGB565.bin"
"Unknown","cogwheel.RGB565.bin","0","2024-03-12 13:37:32","C:\Users\AWA007\Desktop\Data\personal\文档\项目\智能触屏手表\项目1\GUI\lv_port_pc_visual_studio\LvglPlatform\lvgl\tests\src\test_files\rle_compressed\cogwheel.RGB565.bin"
"Unknown","cogwheel.RGB565.bin","0","2024-03-12 13:37:32","C:\Users\AWA007\Desktop\Data\personal\文档\项目\智能触屏手表\项目1\GUI\lv_port_pc_visual_studio\LvglPlatform\lvgl\tests\src\test_files\binimages\cogwheel.RGB565.bin"
"Unknown","cogwheel.L8.bin","0","2024-03-12 13:37:32","C:\Users\AWA007\Desktop\Data\personal\文档\项目\智能触屏手表\项目1\GUI\lv_port_pc_visual_studio\LvglPlatform\lvgl\tests\src\test_files\binimages\cogwheel.L8.bin"
"Unknown","cogwheel.I8.bin","0","2024-03-12 13:37:32","C:\Users\AWA007\Desktop\Data\personal\文档\项目\智能触屏手表\项目1\GUI\lv_port_pc_visual_studio\LvglPlatform\lvgl\tests\src\test_files\rle_compressed\cogwheel.I8.bin"
"Unknown","cogwheel.I8.bin","0","2024-03-12 13:37:32","C:\Users\AWA007\Desktop\Data\personal\文档\项目\智能触屏手表\项目1\GUI\lv_port_pc_visual_studio\LvglPlatform\lvgl\tests\src\test_files\binimages\cogwheel.I8.bin"
"Unknown","cogwheel.I8.bin","0","2024-03-12 13:37:32","C:\Users\AWA007\Desktop\Data\personal\文档\项目\智能触屏手表\项目1\GUI\lv_port_pc_visual_studio\LvglPlatform\lvgl\tests\src\test_files\lz4_compressed\cogwheel.I8.bin"
"Unknown","cogwheel.I4.bin","0","2024-03-12 13:37:32","C:\Users\AWA007\Desktop\Data\personal\文档\项目\智能触屏手表\项目1\GUI\lv_port_pc_visual_studio\LvglPlatform\lvgl\tests\src\test_files\rle_compressed\cogwheel.I4.bin"
"Unknown","cogwheel.I4.bin","0","2024-03-12 13:37:32","C:\Users\AWA007\Desktop\Data\personal\文档\项目\智能触屏手表\项目1\GUI\lv_port_pc_visual_studio\LvglPlatform\lvgl\tests\src\test_files\lz4_compressed\cogwheel.I4.bin"
"Unknown","cogwheel.I4.bin","0","2024-03-12 13:37:32","C:\Users\AWA007\Desktop\Data\personal\文档\项目\智能触屏手表\项目1\GUI\lv_port_pc_visual_studio\LvglPlatform\lvgl\tests\src\test_files\binimages\cogwheel.I4.bin"
"Unknown","cogwheel.I2.bin","0","2024-03-12 13:37:32","C:\Users\AWA007\Desktop\Data\personal\文档\项目\智能触屏手表\项目1\GUI\lv_port_pc_visual_studio\LvglPlatform\lvgl\tests\src\test_files\lz4_compressed\cogwheel.I2.bin"
"Unknown","cogwheel.I2.bin","0","2024-03-12 13:37:32","C:\Users\AWA007\Desktop\Data\personal\文档\项目\智能触屏手表\项目1\GUI\lv_port_pc_visual_studio\LvglPlatform\lvgl\tests\src\test_files\rle_compressed\cogwheel.I2.bin"
"Unknown","cogwheel.I2.bin","0","2024-03-12 13:37:32","C:\Users\AWA007\Desktop\Data\personal\文档\项目\智能触屏手表\项目1\GUI\lv_port_pc_visual_studio\LvglPlatform\lvgl\tests\src\test_files\binimages\cogwheel.I2.bin"
"Unknown","cogwheel.I1.bin","0","2024-03-12 13:37:32","C:\Users\AWA007\Desktop\Data\personal\文档\项目\智能触屏手表\项目1\GUI\lv_port_pc_visual_studio\LvglPlatform\lvgl\tests\src\test_files\rle_compressed\cogwheel.I1.bin"
"Unknown","cogwheel.I1.bin","0","2024-03-12 13:37:32","C:\Users\AWA007\Desktop\Data\personal\文档\项目\智能触屏手表\项目1\GUI\lv_port_pc_visual_studio\LvglPlatform\lvgl\tests\src\test_files\lz4_compressed\cogwheel.I1.bin"
"Unknown","cogwheel.I1.bin","0","2024-03-12 13:37:32","C:\Users\AWA007\Desktop\Data\personal\文档\项目\智能触屏手表\项目1\GUI\lv_port_pc_visual_studio\LvglPlatform\lvgl\tests\src\test_files\binimages\cogwheel.I1.bin"
"Unknown","cogwheel.ARGB8888.bin","0","2024-03-12 13:37:32","C:\Users\AWA007\Desktop\Data\personal\文档\项目\智能触屏手表\项目1\GUI\lv_port_pc_visual_studio\LvglPlatform\lvgl\tests\src\test_files\lz4_compressed\cogwheel.ARGB8888.bin"
"Unknown","cogwheel.ARGB8888.bin","0","2024-03-12 13:37:32","C:\Users\AWA007\Desktop\Data\personal\文档\项目\智能触屏手表\项目1\GUI\lv_port_pc_visual_studio\LvglPlatform\lvgl\tests\src\test_files\binimages\cogwheel.ARGB8888.bin"
"Unknown","cogwheel.ARGB8888.bin","0","2024-03-12 13:37:32","C:\Users\AWA007\Desktop\Data\personal\文档\项目\智能触屏手表\项目1\GUI\lv_port_pc_visual_studio\LvglPlatform\lvgl\tests\src\test_files\rle_compressed\cogwheel.ARGB8888.bin"
"Unknown","cogwheel.A8.bin","0","2024-03-12 13:37:32","C:\Users\AWA007\Desktop\Data\personal\文档\项目\智能触屏手表\项目1\GUI\lv_port_pc_visual_studio\LvglPlatform\lvgl\tests\src\test_files\rle_compressed\cogwheel.A8.bin"
"Unknown","cogwheel.A8.bin","0","2024-03-12 13:37:32","C:\Users\AWA007\Desktop\Data\personal\文档\项目\智能触屏手表\项目1\GUI\lv_port_pc_visual_studio\LvglPlatform\lvgl\tests\src\test_files\lz4_compressed\cogwheel.A8.bin"
"Unknown","cogwheel.A8.bin","0","2024-03-12 13:37:32","C:\Users\AWA007\Desktop\Data\personal\文档\项目\智能触屏手表\项目1\GUI\lv_port_pc_visual_studio\LvglPlatform\lvgl\tests\src\test_files\binimages\cogwheel.A8.bin"
"Unknown","cogwheel.A4.bin","0","2024-03-12 13:37:32","C:\Users\AWA007\Desktop\Data\personal\文档\项目\智能触屏手表\项目1\GUI\lv_port_pc_visual_studio\LvglPlatform\lvgl\tests\src\test_files\lz4_compressed\cogwheel.A4.bin"
"Unknown","cogwheel.A4.bin","0","2024-03-12 13:37:32","C:\Users\AWA007\Desktop\Data\personal\文档\项目\智能触屏手表\项目1\GUI\lv_port_pc_visual_studio\LvglPlatform\lvgl\tests\src\test_files\rle_compressed\cogwheel.A4.bin"
"Unknown","cogwheel.A2.bin","0","2024-03-12 13:37:32","C:\Users\AWA007\Desktop\Data\personal\文档\项目\智能触屏手表\项目1\GUI\lv_port_pc_visual_studio\LvglPlatform\lvgl\tests\src\test_files\lz4_compressed\cogwheel.A2.bin"
"Unknown","cogwheel.A2.bin","0","2024-03-12 13:37:32","C:\Users\AWA007\Desktop\Data\personal\文档\项目\智能触屏手表\项目1\GUI\lv_port_pc_visual_studio\LvglPlatform\lvgl\tests\src\test_files\rle_compressed\cogwheel.A2.bin"
"Unknown","cogwheel.A1.bin","0","2024-03-12 13:37:32","C:\Users\AWA007\Desktop\Data\personal\文档\项目\智能触屏手表\项目1\GUI\lv_port_pc_visual_studio\LvglPlatform\lvgl\tests\src\test_files\rle_compressed\cogwheel.A1.bin"
"Unknown","cogwheel.A1.bin","0","2024-03-12 13:37:32","C:\Users\AWA007\Desktop\Data\personal\文档\项目\智能触屏手表\项目1\GUI\lv_port_pc_visual_studio\LvglPlatform\lvgl\tests\src\test_files\lz4_compressed\cogwheel.A1.bin"
"Unknown","CMakeDetermineCompilerABI_CXX.bin","0","2022-09-27 11:38:51","C:\Users\AWA007\Downloads\瀚文-GitHub工程源文件（已填坑）\HelloWord-Keyboard-fw\cmake-build-debug\CMakeFiles\3.23.2\CMakeDetermineCompilerABI_CXX.bin"
"Unknown","CMakeDetermineCompilerABI_CXX.bin","0","2025-01-22 11:29:14","C:\Users\AWA007\Desktop\Data\school\Out Of Class\Custom Keyboard\HelloWord-Keyboard-fw-offset-1.6\cmake-build-debug\CMakeFiles\3.30.5\CMakeDetermineCompilerABI_CXX.bin"
"Unknown","CMakeDetermineCompilerABI_CXX.bin","0","2024-05-30 15:35:24","C:\Users\AWA007\Desktop\Data\personal\文档\项目\ROS小车\fixed_point_navigation\build\CMakeFiles\3.16.3\CMakeDetermineCompilerABI_CXX.bin"
"Unknown","CMakeDetermineCompilerABI_CXX.bin","0","2022-10-08 15:08:18","C:\Users\AWA007\Downloads\瀚文-GitHub工程源文件（已填坑）\HelloWord-Dynamic-fw-offset-1.0\cmake-build-debug\CMakeFiles\3.23.2\CMakeDetermineCompilerABI_CXX.bin"
"Unknown","CMakeDetermineCompilerABI_CXX.bin","0","2025-01-19 10:11:38","C:\Users\AWA007\Desktop\Data\school\Out Of Class\Custom Keyboard\HelloWord-Keyboard\2.Firmware\HelloWord-Keyboard-fw\cmake-build-debug\CMakeFiles\3.30.5\CMakeDetermineCompilerABI_CXX.bin"
"Unknown","CMakeDetermineCompilerABI_C.bin","0","2025-01-19 10:11:37","C:\Users\AWA007\Desktop\Data\school\Out Of Class\Custom Keyboard\HelloWord-Keyboard\2.Firmware\HelloWord-Keyboard-fw\cmake-build-debug\CMakeFiles\3.30.5\CMakeDetermineCompilerABI_C.bin"
"Unknown","CMakeDetermineCompilerABI_C.bin","0","2022-10-08 15:08:15","C:\Users\AWA007\Downloads\瀚文-GitHub工程源文件（已填坑）\HelloWord-Dynamic-fw-offset-1.0\cmake-build-debug\CMakeFiles\3.23.2\CMakeDetermineCompilerABI_C.bin"
"Unknown","CMakeDetermineCompilerABI_C.bin","0","2024-05-30 15:35:24","C:\Users\AWA007\Desktop\Data\personal\文档\项目\ROS小车\fixed_point_navigation\build\CMakeFiles\3.16.3\CMakeDetermineCompilerABI_C.bin"
"Unknown","CMakeDetermineCompilerABI_C.bin","0","2022-09-27 11:38:50","C:\Users\AWA007\Downloads\瀚文-GitHub工程源文件（已填坑）\HelloWord-Keyboard-fw\cmake-build-debug\CMakeFiles\3.23.2\CMakeDetermineCompilerABI_C.bin"
"Unknown","CMakeDetermineCompilerABI_C.bin","0","2025-01-22 11:29:12","C:\Users\AWA007\Desktop\Data\school\Out Of Class\Custom Keyboard\HelloWord-Keyboard-fw-offset-1.6\cmake-build-debug\CMakeFiles\3.30.5\CMakeDetermineCompilerABI_C.bin"
"Unknown","ble_app_uart.bin","0","2023-07-12 14:05:26","C:\Users\AWA007\Desktop\Data\personal\文档\项目\智能触屏手表\项目1\嵌入式软件开发\zhilan\goodix\GR5526_SDK_V1.0.2\projects\ble\ble_peripheral\ble_app_uart\build\ble_app_uart.bin"
"Unknown","ble_app_uart.bin","0","2024-03-14 12:51:22","C:\Users\AWA007\Desktop\Data\personal\文档\项目\智能触屏手表\项目1\嵌入式软件开发\ble_app_template\projects\ble\ble_peripheral\ble_app_uart\Keil_5\Listings\ble_app_uart.bin"
"Unknown","ble_app_uart.bin","0","2023-07-12 14:05:26","C:\Users\AWA007\Desktop\Data\personal\文档\项目\智能触屏手表\项目1\嵌入式软件开发\ble_app_template\projects\ble\ble_peripheral\ble_app_uart\build\ble_app_uart.bin"
"Unknown","ble_app_uart_c.bin","0","2023-07-12 13:51:44","C:\Users\AWA007\Desktop\Data\personal\文档\项目\智能触屏手表\项目1\嵌入式软件开发\zhilan\goodix\GR5526_SDK_V1.0.2\projects\ble\ble_central\ble_app_uart_c\build\ble_app_uart_c.bin"
"Unknown","ble_app_uart_at.bin","0","2024-03-27 09:37:54","C:\Users\AWA007\Desktop\Data\personal\文档\项目\智能触屏手表\项目1\嵌入式软件开发\zhilan\goodix\GR5526_SDK_V1.0.2\projects\ble\ble_multi_role\ble_app_uart_at\Keil_5\Listings\ble_app_uart_at.bin"
"Unknown","ble_app_uart_at.bin","0","2023-07-12 13:52:58","C:\Users\AWA007\Desktop\Data\personal\文档\项目\智能触屏手表\项目1\嵌入式软件开发\zhilan\goodix\GR5526_SDK_V1.0.2\projects\ble\ble_multi_role\ble_app_uart_at\build\ble_app_uart_at.bin"
"Unknown","ble_app_throughput.bin","0","2023-07-12 14:04:50","C:\Users\AWA007\Desktop\Data\personal\文档\项目\智能触屏手表\项目1\嵌入式软件开发\zhilan\goodix\GR5526_SDK_V1.0.2\projects\ble\ble_peripheral\ble_app_throughput\build\ble_app_throughput.bin"
"Unknown","ble_app_throughput_c.bin","0","2023-07-12 13:51:10","C:\Users\AWA007\Desktop\Data\personal\文档\项目\智能触屏手表\项目1\嵌入式软件开发\zhilan\goodix\GR5526_SDK_V1.0.2\projects\ble\ble_central\ble_app_throughput_c\build\ble_app_throughput_c.bin"
"Unknown","ble_app_template.bin","0","2024-03-09 17:07:04","C:\Users\AWA007\Desktop\Data\personal\文档\项目\智能触屏手表\项目1\嵌入式软件开发\ble_app_template\projects\ble\ble_peripheral\ble_app_template\Keil_5\Listings\ble_app_template.bin"
"Unknown","ble_app_template.bin","0","2023-07-12 14:02:14","C:\Users\AWA007\Desktop\Data\personal\文档\项目\智能触屏手表\项目1\嵌入式软件开发\zhilan\goodix\GR5526_SDK_V1.0.2\projects\ble\ble_peripheral\ble_app_template\build\ble_app_template.bin"
"Unknown","ble_app_template.bin","0","2023-07-12 14:02:14","C:\Users\AWA007\Desktop\Data\personal\文档\项目\智能触屏手表\项目1\嵌入式软件开发\ble_app_template\projects\ble\ble_peripheral\ble_app_template\build\ble_app_template.bin"
"Unknown","ble_app_template_lite.bin","0","2023-07-12 14:04:08","C:\Users\AWA007\Desktop\Data\personal\文档\项目\智能触屏手表\项目1\嵌入式软件开发\zhilan\goodix\GR5526_SDK_V1.0.2\projects\ble\ble_peripheral\ble_app_template_lite\build\ble_app_template_lite.bin"
"Unknown","ble_app_template_freertos.bin","0","2023-07-12 14:03:44","C:\Users\AWA007\Desktop\Data\personal\文档\项目\智能触屏手表\项目1\嵌入式软件开发\zhilan\goodix\GR5526_SDK_V1.0.2\projects\ble\ble_peripheral\ble_app_template_freertos\build\ble_app_template_freertos.bin"
"Unknown","ble_app_template_freertos.bin","0","2024-03-27 09:08:34","C:\Users\AWA007\Desktop\Data\personal\文档\项目\智能触屏手表\项目1\嵌入式软件开发\zhilan\goodix\GR5526_SDK_V1.0.2\projects\ble\ble_peripheral\ble_app_template_freertos\Keil_5\Listings\ble_app_template_freertos.bin"
"Unknown","ble_app_template_dfu.bin","0","2023-07-12 14:02:56","C:\Users\AWA007\Desktop\Data\personal\文档\项目\智能触屏手表\项目1\嵌入式软件开发\zhilan\goodix\GR5526_SDK_V1.0.2\projects\ble\ble_peripheral\ble_app_template_dfu\build\ble_app_template_dfu.bin"
"Unknown","ble_app_template_dfu.bin","0","2024-03-13 10:51:54","C:\Users\AWA007\Desktop\Data\personal\文档\项目\智能触屏手表\项目1\GUI\GR5526-Smart-Watch\projects\ble\ble_peripheral\ble_app_template_dfu\build\ble_app_template_dfu.bin"
"Unknown","ble_app_rscs.bin","0","2023-07-12 14:01:40","C:\Users\AWA007\Desktop\Data\personal\文档\项目\智能触屏手表\项目1\嵌入式软件开发\zhilan\goodix\GR5526_SDK_V1.0.2\projects\ble\ble_peripheral\ble_app_rscs\build\ble_app_rscs.bin"
"Unknown","ble_app_rscs_c.bin","0","2023-07-12 13:50:34","C:\Users\AWA007\Desktop\Data\personal\文档\项目\智能触屏手表\项目1\嵌入式软件开发\zhilan\goodix\GR5526_SDK_V1.0.2\projects\ble\ble_central\ble_app_rscs_c\build\ble_app_rscs_c.bin"
"Unknown","ble_app_pxp_reporter.bin","0","2023-07-12 14:01:04","C:\Users\AWA007\Desktop\Data\personal\文档\项目\智能触屏手表\项目1\嵌入式软件开发\zhilan\goodix\GR5526_SDK_V1.0.2\projects\ble\ble_peripheral\ble_app_pxp_reporter\build\ble_app_pxp_reporter.bin"
"Unknown","ble_app_pcs.bin","0","2023-07-12 14:00:26","C:\Users\AWA007\Desktop\Data\personal\文档\项目\智能触屏手表\项目1\嵌入式软件开发\zhilan\goodix\GR5526_SDK_V1.0.2\projects\ble\ble_peripheral\ble_app_pcs\build\ble_app_pcs.bin"
"Unknown","ble_app_pass.bin","0","2023-07-12 13:50:00","C:\Users\AWA007\Desktop\Data\personal\文档\项目\智能触屏手表\项目1\嵌入式软件开发\zhilan\goodix\GR5526_SDK_V1.0.2\projects\ble\ble_central\ble_app_pass\build\ble_app_pass.bin"
"Unknown","ble_app_pass_c.bin","0","2023-07-12 14:00:00","C:\Users\AWA007\Desktop\Data\personal\文档\项目\智能触屏手表\项目1\嵌入式软件开发\zhilan\goodix\GR5526_SDK_V1.0.2\projects\ble\ble_peripheral\ble_app_pass_c\build\ble_app_pass_c.bin"
"Unknown","ble_app_hts.bin","0","2023-07-12 13:59:28","C:\Users\AWA007\Desktop\Data\personal\文档\项目\智能触屏手表\项目1\嵌入式软件开发\zhilan\goodix\GR5526_SDK_V1.0.2\projects\ble\ble_peripheral\ble_app_hts\build\ble_app_hts.bin"
"Unknown","ble_app_hrs.bin","0","2023-07-12 13:58:18","C:\Users\AWA007\Desktop\Data\personal\文档\项目\智能触屏手表\项目1\嵌入式软件开发\zhilan\goodix\GR5526_SDK_V1.0.2\projects\ble\ble_peripheral\ble_app_hrs\build\ble_app_hrs.bin"
"Unknown","ble_app_hrs_rscs_relay.bin","0","2023-07-12 13:52:22","C:\Users\AWA007\Desktop\Data\personal\文档\项目\智能触屏手表\项目1\嵌入式软件开发\zhilan\goodix\GR5526_SDK_V1.0.2\projects\ble\ble_multi_role\ble_app_hrs_rscs_relay\build\ble_app_hrs_rscs_relay.bin"
"Unknown","ble_app_hrs_multi_link.bin","0","2023-07-12 13:58:54","C:\Users\AWA007\Desktop\Data\personal\文档\项目\智能触屏手表\项目1\嵌入式软件开发\zhilan\goodix\GR5526_SDK_V1.0.2\projects\ble\ble_peripheral\ble_app_hrs_multi_link\build\ble_app_hrs_multi_link.bin"
"Unknown","ble_app_hrs_c.bin","0","2023-07-12 13:49:24","C:\Users\AWA007\Desktop\Data\personal\文档\项目\智能触屏手表\项目1\嵌入式软件开发\zhilan\goodix\GR5526_SDK_V1.0.2\projects\ble\ble_central\ble_app_hrs_c\build\ble_app_hrs_c.bin"
"Unknown","ble_app_hids_mouse.bin","0","2023-07-12 13:57:40","C:\Users\AWA007\Desktop\Data\personal\文档\项目\智能触屏手表\项目1\嵌入式软件开发\zhilan\goodix\GR5526_SDK_V1.0.2\projects\ble\ble_peripheral\ble_app_hids_mouse\build\ble_app_hids_mouse.bin"
"Unknown","ble_app_hids_keyboard.bin","0","2023-07-12 13:57:00","C:\Users\AWA007\Desktop\Data\personal\文档\项目\智能触屏手表\项目1\嵌入式软件开发\zhilan\goodix\GR5526_SDK_V1.0.2\projects\ble\ble_peripheral\ble_app_hids_keyboard\build\ble_app_hids_keyboard.bin"
"Unknown","ble_app_cts.bin","0","2023-07-12 13:56:24","C:\Users\AWA007\Desktop\Data\personal\文档\项目\智能触屏手表\项目1\嵌入式软件开发\zhilan\goodix\GR5526_SDK_V1.0.2\projects\ble\ble_peripheral\ble_app_cts\build\ble_app_cts.bin"
"Unknown","ble_app_cts_c.bin","0","2023-07-12 13:48:54","C:\Users\AWA007\Desktop\Data\personal\文档\项目\智能触屏手表\项目1\嵌入式软件开发\zhilan\goodix\GR5526_SDK_V1.0.2\projects\ble\ble_central\ble_app_cts_c\build\ble_app_cts_c.bin"
"Unknown","ble_app_cscs.bin","0","2023-07-12 13:55:50","C:\Users\AWA007\Desktop\Data\personal\文档\项目\智能触屏手表\项目1\嵌入式软件开发\zhilan\goodix\GR5526_SDK_V1.0.2\projects\ble\ble_peripheral\ble_app_cscs\build\ble_app_cscs.bin"
"Unknown","ble_app_bps.bin","0","2023-07-12 13:55:18","C:\Users\AWA007\Desktop\Data\personal\文档\项目\智能触屏手表\项目1\嵌入式软件开发\zhilan\goodix\GR5526_SDK_V1.0.2\projects\ble\ble_peripheral\ble_app_bps\build\ble_app_bps.bin"
"Unknown","ble_app_beacon.bin","0","2023-07-12 13:54:44","C:\Users\AWA007\Desktop\Data\personal\文档\项目\智能触屏手表\项目1\嵌入式软件开发\zhilan\goodix\GR5526_SDK_V1.0.2\projects\ble\ble_peripheral\ble_app_beacon\build\ble_app_beacon.bin"
"Unknown","ble_app_ancs_c.bin","0","2023-07-12 13:54:10","C:\Users\AWA007\Desktop\Data\personal\文档\项目\智能触屏手表\项目1\嵌入式软件开发\zhilan\goodix\GR5526_SDK_V1.0.2\projects\ble\ble_peripheral\ble_app_ancs_c\build\ble_app_ancs_c.bin"
"Unknown","ble_app_ams_c.bin","0","2023-07-12 13:53:30","C:\Users\AWA007\Desktop\Data\personal\文档\项目\智能触屏手表\项目1\嵌入式软件开发\zhilan\goodix\GR5526_SDK_V1.0.2\projects\ble\ble_peripheral\ble_app_ams_c\build\ble_app_ams_c.bin"
"Unknown","best.pt","0.018","2025-12-09 00:36:47","C:\Users\AWA007\Desktop\Data\school\the first semester of the junior year\机器人\yolo\kuaizi\ultralytics\runs\detect\train9\weights\best.pt"
"Unknown","best.pt","0.006","2025-05-08 21:15:00","C:\Users\AWA007\Desktop\Data\school\the first semester of the junior year\机器人\yolo\kuaizi\ultralytics\runs\detect\train\weights\best.pt"
"Unknown","best.pt","0.006","2025-05-08 16:55:24","C:\Users\AWA007\Desktop\Data\school\the first semester of the junior year\机器人\yolo\kuaizi\ultralytics\runs\detect\train1\weights\best.pt"
"Unknown","best.pt","0.006","2025-12-09 01:26:26","C:\Users\AWA007\Desktop\Data\school\the first semester of the junior year\机器人\yolo\kuaizi\ultralytics\runs\detect\train12\weights\best.pt"
"Unknown","best.pt","0.006","2025-12-09 00:24:22","C:\Users\AWA007\Desktop\Data\school\the first semester of the junior year\机器人\yolo\kuaizi\ultralytics\runs\detect\train8\weights\best.pt"
"Unknown","best.pt","0.005","2025-05-09 00:29:51","C:\Users\AWA007\Desktop\Data\school\the first semester of the junior year\机器人\yolo\kuaizi\ultralytics\runs\detect\train2\weights\best.pt"
"Unknown","best.pt","0.005","2025-05-09 18:49:51","C:\Users\AWA007\Desktop\Data\school\the first semester of the junior year\机器人\yolo\kuaizi\ultralytics\runs\detect\train3\weights\best.pt"
"Unknown","best.pt","0.005","2025-02-14 00:49:26","C:\Users\AWA007\Desktop\Data\school\the first semester of the junior year\机器人\yolo\YOLOv11+CNN车牌识别\ultralytics-LPR\best.pt"
"Unknown","best_cifar10_cnn.pth","0.003","2026-05-06 16:25:04","C:\Users\AWA007\Desktop\Data\school\The second semester of the junior year in college\Fundamentals of Artificial Intelligence\week7\week7_homework\outputs\best_cifar10_cnn.pth"
"Unknown","audio.bin","0","2024-05-31 20:29:21","C:\Users\AWA007\Desktop\Data\school\The first semester of the sophomore year\嵌入式系统设计\STM32Cube_FW_F4_V1.28.0\Projects\STM32446E_EVAL\Examples\SAI\SAI_AudioPlay\AudioFile\audio.bin"
"Unknown","audio.bin","0","2023-11-01 21:37:06","C:\Users\AWA007\Desktop\Data\其他资料\工具\STM32Cube_FW_F4_V1.28.0\Projects\STM32446E_EVAL\Examples\SAI\SAI_AudioPlay\AudioFile\audio.bin"
"Unknown","audio.bin","0","2023-11-01 21:37:18","C:\Users\AWA007\Desktop\Data\其他资料\工具\STM32Cube_FW_F4_V1.28.0\Projects\STM32469I_EVAL\Examples\SAI\SAI_AudioPlay\AudioFile\audio.bin"
"Unknown","audio.bin","0","2024-05-31 20:29:33","C:\Users\AWA007\Desktop\Data\school\The first semester of the sophomore year\嵌入式系统设计\STM32Cube_FW_F4_V1.28.0\Projects\STM32469I_EVAL\Examples\SAI\SAI_AudioPlay\AudioFile\audio.bin"
"Unknown","audio_sample.bin","0.001","2024-05-31 20:29:52","C:\Users\AWA007\Desktop\Data\school\The first semester of the sophomore year\嵌入式系统设计\STM32Cube_FW_F4_V1.28.0\Projects\STM32F412G-Discovery\Examples\BSP\Binary\audio_sample.bin"
"Unknown","audio_sample.bin","0.001","2023-11-01 21:37:35","C:\Users\AWA007\Desktop\Data\其他资料\工具\STM32Cube_FW_F4_V1.28.0\Projects\STM32F412G-Discovery\Examples\BSP\Binary\audio_sample.bin"
"Unknown","audio_sample_wav.bin","0","2023-11-01 21:37:45","C:\Users\AWA007\Desktop\Data\其他资料\工具\STM32Cube_FW_F4_V1.28.0\Utilities\Media\Audio\audio_sample_wav.bin"
"Unknown","audio_sample_tdm.bin","0.001","2023-11-01 21:37:45","C:\Users\AWA007\Desktop\Data\其他资料\工具\STM32Cube_FW_F4_V1.28.0\Utilities\Media\Audio\audio_sample_tdm.bin"
"Unknown","audio_sample_tdm.bin","0.001","2023-11-01 21:37:10","C:\Users\AWA007\Desktop\Data\其他资料\工具\STM32Cube_FW_F4_V1.28.0\Projects\STM32469I-Discovery\Examples\BSP\Binary\audio_sample_tdm.bin"
"Unknown","audio_sample_tdm.bin","0.001","2023-11-01 21:37:16","C:\Users\AWA007\Desktop\Data\其他资料\工具\STM32Cube_FW_F4_V1.28.0\Projects\STM32469I_EVAL\Examples\BSP\Binary\audio_sample_tdm.bin"
"Unknown","audio_sample_tdm.bin","0.001","2024-05-31 20:29:25","C:\Users\AWA007\Desktop\Data\school\The first semester of the sophomore year\嵌入式系统设计\STM32Cube_FW_F4_V1.28.0\Projects\STM32469I-Discovery\Examples\BSP\Binary\audio_sample_tdm.bin"
"Unknown","audio_sample_tdm.bin","0.001","2024-05-31 20:29:32","C:\Users\AWA007\Desktop\Data\school\The first semester of the sophomore year\嵌入式系统设计\STM32Cube_FW_F4_V1.28.0\Projects\STM32469I_EVAL\Examples\BSP\Binary\audio_sample_tdm.bin"
"Unknown","audio_sample_tdm.bin","0","2024-05-31 20:29:21","C:\Users\AWA007\Desktop\Data\school\The first semester of the sophomore year\嵌入式系统设计\STM32Cube_FW_F4_V1.28.0\Projects\STM32446E_EVAL\Examples\SAI\SAI_Audio\Binary\audio_sample_tdm.bin"
"Unknown","audio_sample_tdm.bin","0","2023-11-01 21:37:05","C:\Users\AWA007\Desktop\Data\其他资料\工具\STM32Cube_FW_F4_V1.28.0\Projects\STM32446E_EVAL\Examples\BSP\Binary\audio_sample_tdm.bin"
"Unknown","audio_sample_tdm.bin","0","2023-11-01 21:37:06","C:\Users\AWA007\Desktop\Data\其他资料\工具\STM32Cube_FW_F4_V1.28.0\Projects\STM32446E_EVAL\Examples\SAI\SAI_Audio\Binary\audio_sample_tdm.bin"
"Unknown","audio_sample_tdm.bin","0","2024-05-31 20:29:20","C:\Users\AWA007\Desktop\Data\school\The first semester of the sophomore year\嵌入式系统设计\STM32Cube_FW_F4_V1.28.0\Projects\STM32446E_EVAL\Examples\BSP\Binary\audio_sample_tdm.bin"
"Unknown","art_of_gard_448K.bin","0","2023-11-01 21:37:45","C:\Users\AWA007\Desktop\Data\其他资料\工具\STM32Cube_FW_F4_V1.28.0\Utilities\Media\Audio\art_of_gard_448K.bin"
"Unknown","art_of_gard_128K.bin","0","2023-11-01 21:37:45","C:\Users\AWA007\Desktop\Data\其他资料\工具\STM32Cube_FW_F4_V1.28.0\Utilities\Media\Audio\art_of_gard_128K.bin"
"Unknown","arp_req.bin","0","2023-11-01 21:40:09","C:\Users\AWA007\Desktop\Data\其他资料\工具\STM32Cube_FW_F4_V1.28.0\Middlewares\Third_Party\LwIP\test\fuzz\inputs\arp\arp_req.bin"
"Unknown","app_uart.bin","0","2023-07-12 14:31:44","C:\Users\AWA007\Desktop\Data\personal\文档\项目\智能触屏手表\项目1\嵌入式软件开发\zhilan\goodix\GR5526_SDK_V1.0.2\projects\peripheral\uart\app_uart\build\app_uart.bin"
"Unknown","app_uart_rtos.bin","0","2023-07-12 14:33:20","C:\Users\AWA007\Desktop\Data\personal\文档\项目\智能触屏手表\项目1\嵌入式软件开发\zhilan\goodix\GR5526_SDK_V1.0.2\projects\peripheral\uart\app_uart_rtos\build\app_uart_rtos.bin"
"Unknown","app_uart_dma.bin","0","2023-07-12 14:32:12","C:\Users\AWA007\Desktop\Data\personal\文档\项目\智能触屏手表\项目1\嵌入式软件开发\zhilan\goodix\GR5526_SDK_V1.0.2\projects\peripheral\uart\app_uart_dma\build\app_uart_dma.bin"
"Unknown","app_uart_dma_sg_llp.bin","0","2023-07-12 14:32:38","C:\Users\AWA007\Desktop\Data\personal\文档\项目\智能触屏手表\项目1\嵌入式软件开发\zhilan\goodix\GR5526_SDK_V1.0.2\projects\peripheral\uart\app_uart_dma_sg_llp\build\app_uart_dma_sg_llp.bin"
"Unknown","app_tim.bin","0","2023-07-12 14:31:18","C:\Users\AWA007\Desktop\Data\personal\文档\项目\智能触屏手表\项目1\嵌入式软件开发\zhilan\goodix\GR5526_SDK_V1.0.2\projects\peripheral\tim\app_tim\build\app_tim.bin"
"Unknown","app_spi.bin","0","2023-07-12 14:30:50","C:\Users\AWA007\Desktop\Data\personal\文档\项目\智能触屏手表\项目1\嵌入式软件开发\zhilan\goodix\GR5526_SDK_V1.0.2\projects\peripheral\spi\app_spi\build\app_spi.bin"
"Unknown","app_rtc.bin","0","2023-07-12 14:30:14","C:\Users\AWA007\Desktop\Data\personal\文档\项目\智能触屏手表\项目1\嵌入式软件开发\zhilan\goodix\GR5526_SDK_V1.0.2\projects\peripheral\rtc\app_rtc\build\app_rtc.bin"
"Unknown","app_rng.bin","0","2023-07-12 14:29:48","C:\Users\AWA007\Desktop\Data\personal\文档\项目\智能触屏手表\项目1\嵌入式软件开发\zhilan\goodix\GR5526_SDK_V1.0.2\projects\peripheral\rng\app_rng\build\app_rng.bin"
"Unknown","app_qspi.bin","0","2023-07-12 14:29:14","C:\Users\AWA007\Desktop\Data\personal\文档\项目\智能触屏手表\项目1\嵌入式软件开发\zhilan\goodix\GR5526_SDK_V1.0.2\projects\peripheral\qspi\app_qspi\build\app_qspi.bin"
"Unknown","app_pwm.bin","0","2023-07-12 14:28:38","C:\Users\AWA007\Desktop\Data\personal\文档\项目\智能触屏手表\项目1\嵌入式软件开发\zhilan\goodix\GR5526_SDK_V1.0.2\projects\peripheral\pwm\app_pwm\build\app_pwm.bin"
"Unknown","app_pdm.bin","0","2023-07-12 14:28:04","C:\Users\AWA007\Desktop\Data\personal\文档\项目\智能触屏手表\项目1\嵌入式软件开发\zhilan\goodix\GR5526_SDK_V1.0.2\projects\peripheral\pdm\app_pdm\build\app_pdm.bin"
"Unknown","app_ospi_random_access.bin","0","2023-07-12 14:27:06","C:\Users\AWA007\Desktop\Data\personal\文档\项目\智能触屏手表\项目1\嵌入式软件开发\zhilan\goodix\GR5526_SDK_V1.0.2\projects\peripheral\ospi\app_ospi_random_access\build\app_ospi_random_access.bin"
"Unknown","app_loopback.bin","0","2023-07-12 14:27:34","C:\Users\AWA007\Desktop\Data\personal\文档\项目\智能触屏手表\项目1\嵌入式软件开发\zhilan\goodix\GR5526_SDK_V1.0.2\projects\peripheral\pdm\app_loopback\build\app_loopback.bin"
"Unknown","app_iso7816.bin","0","2023-07-12 14:25:48","C:\Users\AWA007\Desktop\Data\personal\文档\项目\智能触屏手表\项目1\嵌入式软件开发\zhilan\goodix\GR5526_SDK_V1.0.2\projects\peripheral\iso7816\app_iso7816\build\app_iso7816.bin"
"Unknown","app_i2s.bin","0","2023-07-12 14:25:18","C:\Users\AWA007\Desktop\Data\personal\文档\项目\智能触屏手表\项目1\嵌入式软件开发\zhilan\goodix\GR5526_SDK_V1.0.2\projects\peripheral\i2s\app_i2s\build\app_i2s.bin"
"Unknown","app_i2c_tp.bin","0","2023-07-12 14:24:44","C:\Users\AWA007\Desktop\Data\personal\文档\项目\智能触屏手表\项目1\嵌入式软件开发\zhilan\goodix\GR5526_SDK_V1.0.2\projects\peripheral\i2c\app_i2c_tp\build\app_i2c_tp.bin"
"Unknown","app_i2c_slave.bin","0","2023-07-12 14:24:14","C:\Users\AWA007\Desktop\Data\personal\文档\项目\智能触屏手表\项目1\嵌入式软件开发\zhilan\goodix\GR5526_SDK_V1.0.2\projects\peripheral\i2c\app_i2c_slave\build\app_i2c_slave.bin"
"Unknown","app_i2c_master.bin","0","2023-07-12 14:23:44","C:\Users\AWA007\Desktop\Data\personal\文档\项目\智能触屏手表\项目1\嵌入式软件开发\zhilan\goodix\GR5526_SDK_V1.0.2\projects\peripheral\i2c\app_i2c_master\build\app_i2c_master.bin"
"Unknown","app_gpio.bin","0","2024-03-14 12:25:06","C:\Users\AWA007\Desktop\Data\personal\文档\项目\智能触屏手表\项目1\嵌入式软件开发\zhilan\goodix\GR5526_SDK_V1.0.2\projects\peripheral\gpio\app_gpio\Keil_5\Listings\app_gpio.bin"
"Unknown","app_gpio.bin","0","2023-07-12 14:14:12","C:\Users\AWA007\Desktop\Data\personal\文档\项目\智能触屏手表\项目1\嵌入式软件开发\zhilan\goodix\GR5526_SDK_V1.0.2\projects\peripheral\gpio\app_gpio\build\app_gpio.bin"
"Unknown","app_dual_tim.bin","0","2023-07-12 14:13:44","C:\Users\AWA007\Desktop\Data\personal\文档\项目\智能触屏手表\项目1\嵌入式软件开发\zhilan\goodix\GR5526_SDK_V1.0.2\projects\peripheral\dual_tim\app_dual_tim\build\app_dual_tim.bin"
"Unknown","app_dspi.bin","0","2023-07-12 14:13:12","C:\Users\AWA007\Desktop\Data\personal\文档\项目\智能触屏手表\项目1\嵌入式软件开发\zhilan\goodix\GR5526_SDK_V1.0.2\projects\peripheral\dspi\app_dspi\build\app_dspi.bin"
"Unknown","app_dma.bin","0","2023-07-12 14:12:42","C:\Users\AWA007\Desktop\Data\personal\文档\项目\智能触屏手表\项目1\嵌入式软件开发\zhilan\goodix\GR5526_SDK_V1.0.2\projects\peripheral\dma\app_dma\build\app_dma.bin"
"Unknown","app_crypto_sha.bin","0","2023-07-12 14:12:18","C:\Users\AWA007\Desktop\Data\personal\文档\项目\智能触屏手表\项目1\嵌入式软件开发\zhilan\goodix\GR5526_SDK_V1.0.2\projects\peripheral\crypto\app_crypto_sha\build\app_crypto_sha.bin"
"Unknown","app_crypto_rsa.bin","0","2023-07-12 14:11:32","C:\Users\AWA007\Desktop\Data\personal\文档\项目\智能触屏手表\项目1\嵌入式软件开发\zhilan\goodix\GR5526_SDK_V1.0.2\projects\peripheral\crypto\app_crypto_rsa\build\app_crypto_rsa.bin"
"Unknown","app_crypto_ecc.bin","0","2023-07-12 14:10:48","C:\Users\AWA007\Desktop\Data\personal\文档\项目\智能触屏手表\项目1\嵌入式软件开发\zhilan\goodix\GR5526_SDK_V1.0.2\projects\peripheral\crypto\app_crypto_ecc\build\app_crypto_ecc.bin"
"Unknown","app_crypto_aes.bin","0","2023-07-12 14:10:02","C:\Users\AWA007\Desktop\Data\personal\文档\项目\智能触屏手表\项目1\嵌入式软件开发\zhilan\goodix\GR5526_SDK_V1.0.2\projects\peripheral\crypto\app_crypto_aes\build\app_crypto_aes.bin"
"Unknown","app_coremark.bin","0","2023-07-12 14:26:16","C:\Users\AWA007\Desktop\Data\personal\文档\项目\智能触屏手表\项目1\嵌入式软件开发\zhilan\goodix\GR5526_SDK_V1.0.2\projects\peripheral\mcu\app_coremark\build\app_coremark.bin"
"Unknown","app_comp.bin","0","2023-07-12 14:09:18","C:\Users\AWA007\Desktop\Data\personal\文档\项目\智能触屏手表\项目1\嵌入式软件开发\zhilan\goodix\GR5526_SDK_V1.0.2\projects\peripheral\comp\app_comp\build\app_comp.bin"
"Unknown","app_bootloader.bin","0","2023-07-12 14:06:06","C:\Users\AWA007\Desktop\Data\personal\文档\项目\智能触屏手表\项目1\嵌入式软件开发\zhilan\goodix\GR5526_SDK_V1.0.2\projects\ble\dfu\app_bootloader\build\app_bootloader.bin"
"Unknown","app_bootloader.bin","0","2024-03-13 10:51:54","C:\Users\AWA007\Desktop\Data\personal\文档\项目\智能触屏手表\项目1\GUI\GR5526-Smart-Watch\projects\ble\dfu\app_bootloader\build\app_bootloader.bin"
"Unknown","app_bod.bin","0","2023-07-12 14:08:46","C:\Users\AWA007\Desktop\Data\personal\文档\项目\智能触屏手表\项目1\嵌入式软件开发\zhilan\goodix\GR5526_SDK_V1.0.2\projects\peripheral\bod\app_bod\build\app_bod.bin"
"Unknown","app_aon_wdt.bin","0","2023-07-12 14:08:14","C:\Users\AWA007\Desktop\Data\personal\文档\项目\智能触屏手表\项目1\嵌入式软件开发\zhilan\goodix\GR5526_SDK_V1.0.2\projects\peripheral\aon_wdt\app_aon_wdt_reset\build\app_aon_wdt.bin"
"Unknown","app_adc.bin","0","2023-07-12 14:07:40","C:\Users\AWA007\Desktop\Data\personal\文档\项目\智能触屏手表\项目1\嵌入式软件开发\zhilan\goodix\GR5526_SDK_V1.0.2\projects\peripheral\adc\adc\build\app_adc.bin"
"Unknown","ali213.bin","0","2025-08-15 13:27:22","C:\Users\AWA007\Desktop\Data\其他资料\工具\Raft.v1.1.05\ali213.bin"
"Unknown","ali213 (3).bin","0","2025-08-15 13:27:22","C:\Users\AWA007\Desktop\Data\其他资料\工具\Raft.v1.1.05\ali213 (3).bin"
"Unknown","ali213 (2).bin","0","2025-08-15 13:27:22","C:\Users\AWA007\Desktop\Data\其他资料\工具\Raft.v1.1.05\ali213 (2).bin"
"Unknown","汉字库.bin","0","2010-11-27 09:40:45","C:\Users\AWA007\Desktop\Data\personal\文档\项目\智能触屏手表\STM32入门教程资料\Keil5 学习资料\模块资料\1-STM32F103C8T6核心板\网络收集参考例程\MP3 Player\汉字库.bin"
"Unknown","626544054_150462621.bin","0","2026-04-14 14:04:00","C:\Users\AWA007\Documents\Rockstar Games\Red Dead Redemption 2\Settings\626544054_150462621.bin"
"Unknown","594033165_150462621.bin","0","2026-04-14 14:04:00","C:\Users\AWA007\Documents\Rockstar Games\Red Dead Redemption 2\Settings\594033165_150462621.bin"
"Unknown","5526_00202000_20040000_GPIO01_2M_INT_V0512_SDK098.bin","0","2023-06-25 18:00:32","C:\Users\AWA007\Desktop\Data\personal\文档\项目\智能触屏手表\项目1\嵌入式软件开发\zhilan\goodix\GRPLT_Config_Tool\GRPLT_Lite_Config_Tool__Windows_V1.1.5\OtherOptions\FW_DUT\GR5526\5526_00202000_20040000_GPIO01_2M_INT_V0512_SDK098.bin"
"Unknown","5526_00202000_20040000_GPIO01_2M_EXT_V0512_SDK098.bin","0","2023-06-25 18:00:36","C:\Users\AWA007\Desktop\Data\personal\文档\项目\智能触屏手表\项目1\嵌入式软件开发\zhilan\goodix\GRPLT_Config_Tool\GRPLT_Lite_Config_Tool__Windows_V1.1.5\OtherOptions\FW_DUT\GR5526\5526_00202000_20040000_GPIO01_2M_EXT_V0512_SDK098.bin"
"Unknown","5525_20016000_GPIO01_2M_INT_V230630.bin","0","2023-06-30 14:21:40","C:\Users\AWA007\Desktop\Data\personal\文档\项目\智能触屏手表\项目1\嵌入式软件开发\zhilan\goodix\GRPLT_Config_Tool\GRPLT_Lite_Config_Tool__Windows_V1.1.5\OtherOptions\FW_DUT\GR5525\5525_20016000_GPIO01_2M_INT_V230630.bin"
"Unknown","5525_20016000_GPIO01_2M_EXT_V230630.bin","0","2023-06-30 14:21:38","C:\Users\AWA007\Desktop\Data\personal\文档\项目\智能触屏手表\项目1\嵌入式软件开发\zhilan\goodix\GRPLT_Config_Tool\GRPLT_Lite_Config_Tool__Windows_V1.1.5\OtherOptions\FW_DUT\GR5525\5525_20016000_GPIO01_2M_EXT_V230630.bin"
"Unknown","5515_01002000_0080E000_2M_GPIO01_INT_20230629.bin","0","2023-06-29 14:58:46","C:\Users\AWA007\Desktop\Data\personal\文档\项目\智能触屏手表\项目1\嵌入式软件开发\zhilan\goodix\GRPLT_Config_Tool\GRPLT_Lite_Config_Tool__Windows_V1.1.5\OtherOptions\FW_DUT\GR5515\5515_01002000_0080E000_2M_GPIO01_INT_20230629.bin"
"Unknown","5515_01002000_0080E000_2M_GPIO01_EXT_20230629.bin","0","2023-06-29 14:58:44","C:\Users\AWA007\Desktop\Data\personal\文档\项目\智能触屏手表\项目1\嵌入式软件开发\zhilan\goodix\GRPLT_Config_Tool\GRPLT_Lite_Config_Tool__Windows_V1.1.5\OtherOptions\FW_DUT\GR5515\5515_01002000_0080E000_2M_GPIO01_EXT_20230629.bin"
"Unknown","5513_01002000_0080E000_2M_GPIO01_INT_2022_1123.bin","0","2022-11-23 20:23:18","C:\Users\AWA007\Desktop\Data\personal\文档\项目\智能触屏手表\项目1\嵌入式软件开发\zhilan\goodix\GRPLT_Config_Tool\GRPLT_Lite_Config_Tool__Windows_V1.1.5\OtherOptions\FW_DUT\GR5513\5513_01002000_0080E000_2M_GPIO01_INT_2022_1123.bin"
"Unknown","5513_01002000_0080E000_2M_GPIO01_EXT_2022_1123.bin","0","2022-11-23 20:26:10","C:\Users\AWA007\Desktop\Data\personal\文档\项目\智能触屏手表\项目1\嵌入式软件开发\zhilan\goodix\GRPLT_Config_Tool\GRPLT_Lite_Config_Tool__Windows_V1.1.5\OtherOptions\FW_DUT\GR5513\5513_01002000_0080E000_2M_GPIO01_EXT_2022_1123.bin"
"Unknown","533x_20006000_GPIO01_1M_INT_V230705.bin","0","2023-07-12 16:58:48","C:\Users\AWA007\Desktop\Data\personal\文档\项目\智能触屏手表\项目1\嵌入式软件开发\zhilan\goodix\GRPLT_Config_Tool\GRPLT_Lite_Config_Tool__Windows_V1.1.5\OtherOptions\FW_DUT\GR533x\533x_20006000_GPIO01_1M_INT_V230705.bin"
"Unknown","533x_20006000_GPIO01_1M_INT_LDO_V230801.bin","0","2023-08-08 10:02:48","C:\Users\AWA007\Desktop\Data\personal\文档\项目\智能触屏手表\项目1\嵌入式软件开发\zhilan\goodix\GRPLT_Config_Tool\GRPLT_Lite_Config_Tool__Windows_V1.1.5\OtherOptions\FW_DUT\GR533x\533x_20006000_GPIO01_1M_INT_LDO_V230801.bin"
"Unknown","533x_20006000_GPIO01_1M_EXT_V230705.bin","0","2023-07-12 16:58:44","C:\Users\AWA007\Desktop\Data\personal\文档\项目\智能触屏手表\项目1\嵌入式软件开发\zhilan\goodix\GRPLT_Config_Tool\GRPLT_Lite_Config_Tool__Windows_V1.1.5\OtherOptions\FW_DUT\GR533x\533x_20006000_GPIO01_1M_EXT_V230705.bin"
"Unknown","533x_20006000_GPIO01_1M_EXT_LDO_V230801.bin","0","2023-08-08 10:02:48","C:\Users\AWA007\Desktop\Data\personal\文档\项目\智能触屏手表\项目1\嵌入式软件开发\zhilan\goodix\GRPLT_Config_Tool\GRPLT_Lite_Config_Tool__Windows_V1.1.5\OtherOptions\FW_DUT\GR533x\533x_20006000_GPIO01_1M_EXT_LDO_V230801.bin"
"Unknown","400042567_150462621.bin","0","2026-04-14 14:04:00","C:\Users\AWA007\Documents\Rockstar Games\Red Dead Redemption 2\Settings\400042567_150462621.bin"
"Unknown","3087821544_150462621.bin","0","2026-04-14 14:04:00","C:\Users\AWA007\Documents\Rockstar Games\Red Dead Redemption 2\Settings\3087821544_150462621.bin"
"Unknown","1798635104_150462621.bin","0","2026-04-14 14:04:00","C:\Users\AWA007\Documents\Rockstar Games\Red Dead Redemption 2\Settings\1798635104_150462621.bin"
"Unknown","0x0000_2023-06-06_17-38-37.bin","0.005","2023-08-04 13:35:00","C:\Users\AWA007\Desktop\Data\personal\文档\项目\智能触屏手表\项目1\嵌入式软件开发\zhilan\goodix\GR5526_SDK_V1.0.2\projects\peripheral\graphics\graphics_lvgl_831_gpu_demo\Image_Resource\0x0000_2023-06-06_17-38-37.bin"
"Unknown","0x0000_2023-06-06_17-38-37.bin","0.005","2024-03-13 10:51:54","C:\Users\AWA007\Desktop\Data\personal\文档\项目\智能触屏手表\项目1\GUI\GR5526-Smart-Watch\projects\peripheral\graphics\gr5526_smart_watch\Image_Resource\0x0000_2023-06-06_17-38-37.bin"
"Unknown","0x0000_2022-05-06_09-56-26.bin","0.007","2023-08-04 13:35:00","C:\Users\AWA007\Desktop\Data\personal\文档\项目\智能触屏手表\项目1\嵌入式软件开发\zhilan\goodix\GR5526_SDK_V1.0.2\projects\peripheral\graphics\graphics_lvgl_810_gpu_demo\ui_source\0x0000_2022-05-06_09-56-26.bin"
"Unknown","_virtualenv.pth","0","2024-10-19 12:49:05","C:\Users\AWA007\Desktop\Data\school\The first semester of the sophomore year\计算机基础\final project\Camera_connect\passenger-flow-algorithm-python\.venv\Lib\site-packages\_virtualenv.pth"
"Unknown","_virtualenv.pth","0","2026-05-10 17:11:44","C:\Users\AWA007\Desktop\Data\school\The second semester of the junior year in college\Fundamentals of Artificial Intelligence\week9\agent\.venv\Lib\site-packages\_virtualenv.pth"
"Unknown","_virtualenv.pth","0","2024-09-11 14:01:28","C:\Users\AWA007\Desktop\Data\school\The first semester of the sophomore year\线性代数及应用\test\.venv\Lib\site-packages\_virtualenv.pth"
"GGUF / LLM","qwen2-7b-instruct-q8_0.gguf","7.542","2024-08-03 21:42:43","C:\Users\AWA007\Desktop\Data\其他资料\工具\AITranslator\各种模型（务必查看使用说明）\Qwen2-7b GGUF模型\qwen2-7b-instruct-q8_0.gguf"
"GGUF / LLM","qwen2-7b-instruct-q4_k_m.gguf","4.361","2024-08-03 21:39:59","C:\Users\AWA007\Desktop\Data\其他资料\工具\AITranslator\各种模型（务必查看使用说明）\Qwen2-7b GGUF模型\qwen2-7b-instruct-q4_k_m.gguf"
"GGUF / LLM","qwen1.5-14b-vntl.Q4_K_S.gguf","7.977","2024-08-03 21:42:22","C:\Users\AWA007\Desktop\Data\其他资料\工具\AITranslator\各种模型（务必查看使用说明）\Qwen1.5-14b-jp2zh gguf模型\qwen1.5-14b-vntl.Q4_K_S.gguf"
"GGUF / LLM","MythoMax-L2-13b-heretic.i1-IQ4_XS.gguf","6.486","2026-05-27 17:48:51","C:\Users\AWA007\Downloads\MythoMax-L2-13b-heretic.i1-IQ4_XS.gguf"
"GGUF / LLM","L3-8B-Stheno-v3.2-heretic.i1-Q5_K_M.gguf","5.339","2026-05-27 17:47:34","C:\Users\AWA007\Downloads\L3-8B-Stheno-v3.2-heretic.i1-Q5_K_M.gguf"
"ControlNet","controlnet++_union_sdxl_promax.safetensors","2.341","2026-05-22 14:27:14","C:\Users\AWA007\Downloads\sd-webui-aki\controlnet\模型\controlnet++_union_sdxl_promax.safetensors"
"ControlNet","control_v11p_sd15s2_lineart_anime_fp16.safetensors","0.673","2026-05-22 13:43:07","C:\Users\AWA007\Downloads\sd-webui-aki\controlnet\模型\control_v11p_sd15s2_lineart_anime_fp16.safetensors"
"ControlNet","control_v11p_sd15_softedge_fp16.safetensors","0.673","2026-05-22 13:39:44","C:\Users\AWA007\Downloads\sd-webui-aki\controlnet\模型\control_v11p_sd15_softedge_fp16.safetensors"
"ControlNet","control_v11p_sd15_seg_fp16.safetensors","0.673","2026-05-22 13:39:33","C:\Users\AWA007\Downloads\sd-webui-aki\controlnet\模型\control_v11p_sd15_seg_fp16.safetensors"
"ControlNet","control_v11p_sd15_scribble_fp16.safetensors","0.673","2026-05-22 13:31:52","C:\Users\AWA007\Downloads\sd-webui-aki\controlnet\模型\control_v11p_sd15_scribble_fp16.safetensors"
"ControlNet","control_v11p_sd15_openpose_fp16.safetensors","0.673","2026-05-22 14:05:37","C:\Users\AWA007\Downloads\sd-webui-aki\controlnet\模型\control_v11p_sd15_openpose_fp16.safetensors"
"ControlNet","control_v11p_sd15_normalbae_fp16.safetensors","0.673","2026-05-22 13:29:45","C:\Users\AWA007\Downloads\sd-webui-aki\controlnet\模型\control_v11p_sd15_normalbae_fp16.safetensors"
"ControlNet","control_v11p_sd15_mlsd_fp16.safetensors","0.673","2026-05-22 13:31:45","C:\Users\AWA007\Downloads\sd-webui-aki\controlnet\模型\control_v11p_sd15_mlsd_fp16.safetensors"
"ControlNet","control_v11p_sd15_lineart_fp16.safetensors","0.673","2026-05-22 13:27:39","C:\Users\AWA007\Downloads\sd-webui-aki\controlnet\模型\control_v11p_sd15_lineart_fp16.safetensors"
"ControlNet","control_v11p_sd15_inpaint_fp16.safetensors","0.673","2026-05-22 13:26:59","C:\Users\AWA007\Downloads\sd-webui-aki\controlnet\模型\control_v11p_sd15_inpaint_fp16.safetensors"
"ControlNet","control_v11p_sd15_canny_fp16.safetensors","0.673","2026-05-22 13:20:07","C:\Users\AWA007\Downloads\sd-webui-aki\controlnet\模型\control_v11p_sd15_canny_fp16.safetensors"
"ControlNet","control_v11f1p_sd15_depth_fp16.safetensors","0.673","2026-05-22 13:16:36","C:\Users\AWA007\Downloads\sd-webui-aki\controlnet\模型\control_v11f1p_sd15_depth_fp16.safetensors"
"ControlNet","control_v11f1e_sd15_tile_fp16.safetensors","0.673","2026-05-22 13:17:52","C:\Users\AWA007\Downloads\sd-webui-aki\controlnet\模型\control_v11f1e_sd15_tile_fp16.safetensors"
"ControlNet","control_v11e_sd15_shuffle_fp16.safetensors","0.673","2026-05-22 13:13:59","C:\Users\AWA007\Downloads\sd-webui-aki\controlnet\模型\control_v11e_sd15_shuffle_fp16.safetensors"
"ControlNet","control_v11e_sd15_ip2p_fp16.safetensors","0.673","2026-05-22 13:14:32","C:\Users\AWA007\Downloads\sd-webui-aki\controlnet\模型\control_v11e_sd15_ip2p_fp16.safetensors"
"CLIP / Text Encoder","model.safetensors","0.564","2026-04-30 19:03:23","C:\Users\AWA007\Desktop\Data\school\The second semester of the junior year in college\Fundamentals of Artificial Intelligence\week5\Project_One\clip_model\model.safetensors"
